"Countries","Year","Number_.of_.reported._cases","Number_of_.reported_deaths","Cholera_case_fatality_rate....","Recovered_cases","Recovery_Rate....","Population","Region","Incidence_Rate","Prevalence_Rate","Risk_Ratio","odd_Ratio"
"ANGOLA",2000,0,"0",0,0,"0",16394062,"Central Africa",0,0,"0","0"
"ANGOLA",2001,0,"0",0,0,"0",16941587,"Central Africa",0,0,"0","0"
"ANGOLA",2002,0,"0",0,0,"0",17516139,"Central Africa",0,0,"0","0"
"ANGOLA",2003,0,"0",0,0,"0",18124342,"Central Africa",0,0,"0","0"
"ANGOLA",2004,0,"0",0,0,"0",18771125,"Central Africa",0,0,"0","0"
"ANGOLA",2005,0,"0",0,0,"0",19450959,"Central Africa",0,0,"0","0"
"ANGOLA",2006,67257,"2722",4.05,64535,"95.95",20162340,"Central Africa",334,0.3336,"0.0422","0.0422"
"ANGOLA",2007,18422,"513",2.78,17909,"97.21",20909684,"Central Africa",88,0.0881,"0.0286","0.0286"
"ANGOLA",2008,10511,"243",2.31,10268,"97.68",21691522,"Central Africa",48,0.0485,"0.0236","0.0237"
"ANGOLA",2009,10511,"88",4.36,10423,"99.16",22507674,"Central Africa",47,0.0467,"0.044","0.0084"
"ANGOLA",2010,1484,"30",2.02,1454,"97.97",23364185,"Central Africa",6,0.0064,"0.0206","0.0206"
"ANGOLA",2011,1810,"110",6.08,1700,"93.92",24259111,"Central Africa",7,0.0075,"0.0647","0.0647"
"ANGOLA",2012,1215,"98",8.07,1117,"91.93",25188292,"Central Africa",5,0.0048,"0.0878","0.0877"
"ANGOLA",2013,6655,"86",1.29,6569,"98.7",26147002,"Central Africa",25,0.0255,"0.0131","0.0131"
"ANGOLA",2014,213,"3",1.41,210,"98.59",27128337,"Central Africa",1,8e-04,"0.0143","0.0143"
"ANGOLA",2015,0,"0",0,0,"0",28127721,"Central Africa",0,0,"0","0"
"ANGOLA",2016,78,"3",3.85,75,"96.15",29154746,"Central Africa",0,3e-04,"0.04","0.04"
"ANGOLA",2017,828,"43",5.19,785,"94.8",30208628,"Central Africa",3,0.0027,"0.0547","0.0548"
"ANGOLA",2018,1546,"25",1.62,1521,"98.38",31273533,"Central Africa",5,0.0049,"0.0165","0.0164"
"ANGOLA",2019,0,"0",0,0,"0",32353588,"Central Africa",0,0,"0","0"
"ANGOLA",2020,0,"0",0,0,"0",33428486,"Central Africa",0,0,"0","0"
"ANGOLA",2021,0,"0",0,0,"0",34503774,"Central Africa",0,0,"0","0"
"ANGOLA",2022,0,"0",0,0,"0",35588987,"Central Africa",0,0,"0","0"
"ANGOLA",2023,37946,"151",0.4,37795,"99.6",36684202,"Central Africa",103,0.1034,"0.004","0.004"
"Benin",2000,468,"11",2.35,457,"97.65",6998023,"West Africa",7,0.0067,"0.0241","0.0241"
"Benin",2001,3943,"71",1.47,3872,"98.2",7212040,"West Africa",55,0.0547,"0.015","0.0183"
"Benin",2002,270,"13",1.4,257,"95.19",7431782,"West Africa",4,0.0036,"0.0147","0.0506"
"Benin",2003,434,"11",2.53,423,"97.47",7659207,"West Africa",6,0.0057,"0.026","0.026"
"Benin",2004,642,"9",4.81,633,"98.6",7894553,"West Africa",8,0.0081,"0.0488","0.0142"
"Benin",2005,749,"11",1.8,738,"98.53",8149419,"West Africa",9,0.0092,"0.0183","0.0149"
"Benin",2006,91,"1",2.35,90,"98.9",8402631,"West Africa",1,0.0011,"0.0238","0.0111"
"Benin",2007,0,"0",0,0,"0",8669087,"West Africa",0,0,"0","0"
"Benin",2008,985,"5",1.4,980,"99.49",8906468,"West Africa",11,0.0111,"0.0141","0.0051"
"Benin",2009,74,"1",1.14,73,"98.65",9172514,"West Africa",1,8e-04,"0.0116","0.0137"
"Benin",2010,983,"8",0.48,975,"99.19",9199253,"West Africa",11,0.0107,"0.0048","0.0082"
"Benin",2011,755,"4",0.53,751,"99.47",9726380,"West Africa",8,0.0078,"0.0053","0.0053"
"Benin",2012,625,"3",0.81,622,"99.52",9729254,"West Africa",6,0.0064,"0.0081","0.0048"
"Benin",2013,528,"6",1.35,522,"98.86",9900000,"West Africa",5,0.0053,"0.0137","0.0115"
"Benin",2014,832,"12",0.51,820,"98.56",10614844,"West Africa",8,0.0078,"0.0052","0.0146"
"Benin",2015,0,"0",0,0,"0",10932783,"West Africa",0,0,"0","0"
"Benin",2016,761,"13",1.7,748,"98.29",11260084,"West Africa",7,0.0068,"0.0173","0.0174"
"Benin",2017,11,"0",0,11,"100",11596778,"West Africa",0,1e-04,"0","0"
"Benin",2018,0,"0",0,0,"0",11940683,"West Africa",0,0,"0","0"
"Benin",2019,50,"0",0,50,"100",12290443,"West Africa",0,4e-04,"0","0"
"Benin",2020,232,"6",2.59,226,"97.41",12643123,"West Africa",2,0.0018,"0.0266","0.0265"
"Benin",2021,1298,"23",1.77,1275,"98.23",12996895,"West Africa",10,0.01,"0.018","0.018"
"Benin",2022,1430,"20",1.4,1410,"98.6",13352864,"West Africa",11,0.0107,"0.0142","0.0142"
"Benin",2023,16998,"79",0.5,16919,"99.54",13712828,"West Africa",124,0.124,"0.005","0.0047"
"Botswana",2000,0,"0",0,0,"0",1726985,"South Africa",0,0,"0","0"
"Botswana",2001,0,"0",0,0,"0",1761930,"South Africa",0,0,"0","0"
"Botswana",2002,0,"0",0,0,"0",1795130,"South Africa",0,0,"0","0"
"Botswana",2003,0,"0",0,0,"0",1826863,"South Africa",0,0,"0","0"
"Botswana",2004,0,"0",0,0,"0",1859085,"South Africa",0,0,"0","0"
"Botswana",2005,0,"0",0,0,"0",1892807,"South Africa",0,0,"0","0"
"Botswana",2006,0,"0",0,0,"0",1928704,"South Africa",0,0,"0","0"
"Botswana",2007,0,"0",0,0,"0",1966977,"South Africa",0,0,"0","0"
"Botswana",2008,8,"1",13,7,"87.5",2007320,"South Africa",0,4e-04,"0.1486","0.1429"
"Botswana",2009,15,"2",13,13,"86.7",2048997,"South Africa",1,7e-04,"0.1499","0.1538"
"Botswana",2010,0,"0",0,0,"0",2091664,"South Africa",0,0,"0","0"
"Botswana",2011,0,"0",0,0,"0",2134037,"South Africa",0,0,"0","0"
"Botswana",2012,0,"0",0,0,"0",2175425,"South Africa",0,0,"0","0"
"Botswana",2013,0,"0",0,0,"0",2217278,"South Africa",0,0,"0","0"
"Botswana",2014,0,"0",0,0,"0",2260376,"South Africa",0,0,"0","0"
"Botswana",2015,0,"0",0,0,"0",2305171,"South Africa",0,0,"0","0"
"Botswana",2016,0,"0",0,0,"0",2352416,"South Africa",0,0,"0","0"
"Botswana",2017,0,"0",0,0,"0",2401840,"South Africa",0,0,"0","0"
"Botswana",2018,0,"0",0,0,"0",2451409,"South Africa",0,0,"0","0"
"Botswana",2019,0,"0",0,0,"0",2499702,"South Africa",0,0,"0","0"
"Botswana",2020,0,"0",0,0,"0",2546402,"South Africa",0,0,"0","0"
"Botswana",2021,0,"0",0,0,"0",2588423,"South Africa",0,0,"0","0"
"Botswana",2022,58947,"766",1,58181,"98.7",2630296,"South Africa",2241,2.2411,"0.0101","0.0132"
"Botswana",2023,667000,"4000",1,663000,"99.4",2675352,"South Africa",24931,24.9313,"0.0101","0.006"
"Burkina Faso",2000,477,"14",2.27,463,"97.06",10100000,"West Africa",5,0.0047,"0.0234","0.0302"
"Burkina Faso",2001,617,"7",1.47,610,"98.87",10500000,"West Africa",6,0.0059,"0.0149","0.0115"
"Burkina Faso",2002,0,"0",0,0,"0",10900000,"West Africa",0,0,"0","0"
"Burkina Faso",2003,1,"0",0,1,"100",11300000,"West Africa",0,0,"0","0"
"Burkina Faso",2004,0,"0",0,0,"0",11800000,"West Africa",0,0,"0","0"
"Burkina Faso",2005,1050,"16",1.52,1034,"98.48",12300000,"West Africa",9,0.0085,"0.0154","0.0155"
"Burkina Faso",2006,0,"0",0,0,"0",12800000,"West Africa",0,0,"0","0"
"Burkina Faso",2007,0,"0",0,0,"0",13300000,"West Africa",0,0,"0","0"
"Burkina Faso",2008,0,"0",0,0,"0",13800000,"West Africa",0,0,"0","0"
"Burkina Faso",2009,0,"0",0,0,"0",14300000,"West Africa",0,0,"0","0"
"Burkina Faso",2010,0,"0",0,0,"0",14900000,"West Africa",0,0,"0","0"
"Burkina Faso",2011,20,"2",10,18,"90",15500000,"West Africa",0,1e-04,"0.1111","0.1111"
"Burkina Faso",2012,143,"7",4.9,136,"95.1",16100000,"West Africa",1,9e-04,"0.0515","0.0515"
"Burkina Faso",2013,0,"0",0,0,"0",16700000,"West Africa",0,0,"0","0"
"Burkina Faso",2014,0,"0",0,0,"0",17400000,"West Africa",0,0,"0","0"
"Burkina Faso",2015,0,"0",0,0,"0",18100000,"West Africa",0,0,"0","0"
"Burkina Faso",2016,0,"0",0,0,"0",18600000,"West Africa",0,0,"0","0"
"Burkina Faso",2017,0,"0",0,0,"0",19200000,"West Africa",0,0,"0","0"
"Burkina Faso",2018,0,"0",0,0,"0",19800000,"West Africa",0,0,"0","0"
"Burkina Faso",2019,0,"0",0,0,"0",20300000,"West Africa",0,0,"0","0"
"Burkina Faso",2020,0,"0",0,0,"0",20900000,"West Africa",0,0,"0","0"
"Burkina Faso",2021,3,"0",0,3,"100",21500000,"West Africa",0,0,"0","0"
"Burkina Faso",2022,0,"0",0,0,"0",22100000,"West Africa",0,0,"0","0"
"Burkina Faso",2023,16998,"79",0.5,16919,"99.54",22700000,"West Africa",75,0.0749,"0.005","0.0047"
"Burundi",2000,1021,"16",1.57,1005,"98.43",6307659,"East Africa",16,0.0162,"0.016","0.0159"
"Burundi",2001,1003,"20",1.99,983,"98.01",6465729,"East Africa",16,0.0155,"0.0203","0.0203"
"Burundi",2002,577,"8",1.39,569,"98.61",6648938,"East Africa",9,0.0087,"0.0141","0.0141"
"Burundi",2003,432,"18",4.17,414,"95.83",6860846,"East Africa",6,0.0063,"0.0435","0.0435"
"Burundi",2004,819,"14",1.71,805,"98.29",7120496,"East Africa",12,0.0115,"0.0174","0.0174"
"Burundi",2005,1309,"18",1.38,1291,"98.62",7388874,"East Africa",18,0.0177,"0.014","0.0139"
"Burundi",2006,886,"7",0.79,879,"99.21",7658190,"East Africa",12,0.0116,"0.008","0.008"
"Burundi",2007,365,"2",0.55,363,"99.45",7944609,"East Africa",5,0.0046,"0.0055","0.0055"
"Burundi",2008,234,"4",1.71,230,"98.29",8278109,"East Africa",3,0.0028,"0.0174","0.0174"
"Burundi",2009,355,"0",0,355,"100",8709366,"East Africa",4,0.0041,"0","0"
"Burundi",2010,333,"1",0.3,332,"99.7",9126605,"East Africa",4,0.0036,"0.003","0.003"
"Burundi",2011,1072,"1",0.09,1071,"99.91",9455733,"East Africa",11,0.0113,"9e-04","9e-04"
"Burundi",2012,214,"1",0.47,213,"99.53",9795479,"East Africa",2,0.0022,"0.0047","0.0047"
"Burundi",2013,1557,"17",1.09,1540,"98.91",10149577,"East Africa",15,0.0153,"0.011","0.011"
"Burundi",2014,582,"9",1.55,573,"98.45",10494913,"East Africa",6,0.0055,"0.0157","0.0157"
"Burundi",2015,442,"0",0,442,"100",10727148,"East Africa",4,0.0041,"0","0"
"Burundi",2016,434,"5",1.15,429,"98.85",10903327,"East Africa",4,0.004,"0.0116","0.0117"
"Burundi",2017,399,"0",0,399,"100",11155593,"East Africa",4,0.0036,"0","0"
"Burundi",2018,92,"1",1.09,91,"98.91",11493472,"East Africa",1,8e-04,"0.011","0.011"
"Burundi",2019,1145,"9",0.79,1136,"99.21",11874838,"East Africa",10,0.0096,"0.008","0.0079"
"Burundi",2020,277,"5",1.81,272,"98.19",12220227,"East Africa",2,0.0023,"0.0184","0.0184"
"Burundi",2021,11,"0",0,11,"100",12551213,"East Africa",0,1e-04,"0","0"
"Burundi",2022,6176,"262",4.24,5914,"95.75",12889576,"East Africa",48,0.0479,"0.0443","0.0443"
"Burundi",2023,615,"9",1.5,606,"98.5",13238559,"East Africa",5,0.0046,"0.0152","0.0149"
"Cape Verde",2000,0,"0",0,0,"0",428079,"West Africa",0,0,"0","0"
"Cape Verde",2001,0,"0",0,0,"0",437000,"West Africa",0,0,"0","0"
"Cape Verde",2002,0,"0",0,0,"0",473231,"West Africa",0,0,"0","0"
"Cape Verde",2003,0,"0",0,0,"0",461000,"West Africa",0,0,"0","0"
"Cape Verde",2004,0,"0",0,0,"0",476000,"West Africa",0,0,"0","0"
"Cape Verde",2005,0,"0",0,0,"0",491000,"West Africa",0,0,"0","0"
"Cape Verde",2006,0,"0",0,0,"0",505000,"West Africa",0,0,"0","0"
"Cape Verde",2007,0,"0",0,0,"0",517000,"West Africa",0,0,"0","0"
"Cape Verde",2008,0,"0",0,0,"0",529000,"West Africa",0,0,"0","0"
"Cape Verde",2009,0,"0",0,0,"0",540000,"West Africa",0,0,"0","0"
"Cape Verde",2010,0,"0",0,0,"0",551000,"West Africa",0,0,"0","0"
"Cape Verde",2011,0,"0",0,0,"0",561000,"West Africa",0,0,"0","0"
"Cape Verde",2012,0,"0",0,0,"0",570000,"West Africa",0,0,"0","0"
"Cape Verde",2013,0,"0",0,0,"0",578000,"West Africa",0,0,"0","0"
"Cape Verde",2014,0,"0",0,0,"0",586000,"West Africa",0,0,"0","0"
"Cape Verde",2015,0,"0",0,0,"0",594000,"West Africa",0,0,"0","0"
"Cape Verde",2016,0,"0",0,0,"0",602000,"West Africa",0,0,"0","0"
"Cape Verde",2017,0,"0",0,0,"0",610000,"West Africa",0,0,"0","0"
"Cape Verde",2018,0,"0",0,0,"0",618000,"West Africa",0,0,"0","0"
"Cape Verde",2019,0,"0",0,0,"0",626000,"West Africa",0,0,"0","0"
"Cape Verde",2020,0,"0",0,0,"0",634000,"West Africa",0,0,"0","0"
"Cape Verde",2021,0,"0",0,0,"0",641000,"West Africa",0,0,"0","0"
"Cape Verde",2022,0,"0",0,0,"0",648000,"West Africa",0,0,"0","0"
"Cape Verde",2023,0,"0",0,0,"0",655000,"West Africa",0,0,"0","0"
"CAMEROUN",2000,123,"29",23.58,94,"76.42",15091594,"Central Africa",1,8e-04,"0.3086","0.3085"
"CAMEROUN",2001,259,"7",2.7,252,"97.29",15493253,"Central Africa",2,0.0017,"0.0278","0.0278"
"CAMEROUN",2002,66,"8",12.12,58,"87.87",15914033,"Central Africa",0,4e-04,"0.1379","0.1379"
"CAMEROUN",2003,207,"36",17.39,171,"82.6",16354326,"Central Africa",1,0.0013,"0.2105","0.2105"
"CAMEROUN",2004,8005,"137",1.71,7868,"98.28",16809407,"Central Africa",48,0.0476,"0.0174","0.0174"
"CAMEROUN",2005,2847,"110",3.86,2737,"96.13",17275171,"Central Africa",16,0.0165,"0.0402","0.0402"
"CAMEROUN",2006,922,"35",3.8,887,"96.2",17751333,"Central Africa",5,0.0052,"0.0395","0.0395"
"CAMEROUN",2007,10,"1",10,9,"9",18251866,"Central Africa",0,1e-04,"1.1111","0.1111"
"CAMEROUN",2008,0,"0",0,0,"0",18777081,"Central Africa",0,0,"0","0"
"CAMEROUN",2009,804,"89",11.07,715,"88.93",19319274,"Central Africa",4,0.0042,"0.1245","0.1245"
"CAMEROUN",2010,10759,"657",6.1,10102,"93.89",19878036,"Central Africa",54,0.0541,"0.065","0.065"
"CAMEROUN",2011,22433,"783",3.49,21650,"96.5",20448873,"Central Africa",110,0.1097,"0.0362","0.0362"
"CAMEROUN",2012,363,"5",1.38,358,"98.62",21032684,"Central Africa",2,0.0017,"0.014","0.014"
"CAMEROUN",2013,29,"0",0,0,"0",21632850,"Central Africa",0,1e-04,"0","0"
"CAMEROUN",2014,3355,"184",5.48,3171,"94.51",22299585,"Central Africa",15,0.015,"0.058","0.058"
"CAMEROUN",2015,124,"6",4.8,118,"95.16",23012646,"Central Africa",1,5e-04,"0.0504","0.0508"
"CAMEROUN",2016,0,"0",0,0,"0",23711630,"Central Africa",0,0,"0","0"
"CAMEROUN",2017,0,"0",0,0,"0",24393181,"Central Africa",0,0,"0","0"
"CAMEROUN",2018,1059,"58",5.51,1001,"94.54",25076747,"Central Africa",4,0.0042,"0.0583","0.0579"
"CAMEROUN",2019,1840,"93",5.05,1747,"94.94",25782341,"Central Africa",7,0.0071,"0.0532","0.0532"
"CAMEROUN",2020,1890,"73",3.86,1817,"96.14",26491087,"Central Africa",7,0.0071,"0.0401","0.0402"
"CAMEROUN",2021,728,"23",3.16,705,"96.84",27198628,"Central Africa",3,0.0027,"0.0326","0.0326"
"CAMEROUN",2022,6652,"134",2.01,6518,"97.98",27914536,"Central Africa",24,0.0238,"0.0205","0.0206"
"CAMEROUN",2023,208426,"491",0.24,207935,"99.76",28647293,"Central Africa",728,0.7276,"0.0024","0.0024"
"CENTRAL AFRICA  REP",2000,0,"0",0,0,"0",28647293,"Central Africa",0,0,"0","0"
"CENTRAL AFRICA  REP",2001,0,"0",0,0,"0",3844773,"Central Africa",0,0,"0","0"
"CENTRAL AFRICA  REP",2002,0,"0",0,0,"0",3930648,"Central Africa",0,0,"0","0"
"CENTRAL AFRICA  REP",2003,0,"0",0,0,"0",4026841,"Central Africa",0,0,"0","0"
"CENTRAL AFRICA  REP",2004,320,"48",15,272,"85",4115138,"Central Africa",8,0.0078,"0.1765","0.1765"
"CENTRAL AFRICA  REP",2005,0,"0",0,0,"0",4208834,"Central Africa",0,0,"0","0"
"CENTRAL AFRICA  REP",2006,0,"0",0,0,"0",4294352,"Central Africa",0,0,"0","0"
"CENTRAL AFRICA  REP",2007,0,"0",0,0,"0",4375569,"Central Africa",0,0,"0","0"
"CENTRAL AFRICA  REP",2008,0,"0",0,0,"0",4467233,"Central Africa",0,0,"0","0"
"CENTRAL AFRICA  REP",2009,0,"0",0,0,"0",4564540,"Central Africa",0,0,"0","0"
"CENTRAL AFRICA  REP",2010,0,"0",0,0,"0",4660067,"Central Africa",0,0,"0","0"
"CENTRAL AFRICA  REP",2011,783,"117",12.82,666,"85.05",4732022,"Central Africa",17,0.0165,"0.1507","0.1757"
"CENTRAL AFRICA  REP",2012,21,"0",0,0,"0",4773306,"Central Africa",0,4e-04,"0","0"
"CENTRAL AFRICA  REP",2013,0,"0",0,0,"0",4802428,"Central Africa",0,0,"0","0"
"CENTRAL AFRICA  REP",2014,0,"0",0,0,"0",4798734,"Central Africa",0,0,"0","0"
"CENTRAL AFRICA  REP",2015,0,"0",0,0,"0",4819333,"Central Africa",0,0,"0","0"
"CENTRAL AFRICA  REP",2016,0,"0",0,0,"0",4904177,"Central Africa",0,0,"0","0"
"CENTRAL AFRICA  REP",2017,0,"0",0,0,"0",4996741,"Central Africa",0,0,"0","0"
"CENTRAL AFRICA  REP",2018,0,"0",0,0,"0",5094780,"Central Africa",0,0,"0","0"
"CENTRAL AFRICA  REP",2019,0,"0",0,0,"0",5209324,"Central Africa",0,0,"0","0"
"CENTRAL AFRICA  REP",2020,0,"0",0,0,"0",5343020,"Central Africa",0,0,"0","0"
"CENTRAL AFRICA  REP",2021,0,"0",0,0,"0",5457154,"Central Africa",0,0,"0","0"
"CENTRAL AFRICA  REP",2022,0,"0",0,0,"0",5579144,"Central Africa",0,0,"0","0"
"CENTRAL AFRICA  REP",2023,15233,"309",2,14924,"97.97",5742315,"Central Africa",265,0.2653,"0.0204","0.0207"
"CHAD",2000,0,"0",0,0,"0",8259137,"Central Africa",0,0,"0","0"
"CHAD",2001,5244,"226",4.31,5018,"95.69",8538804,"Central Africa",61,0.0614,"0.045","0.045"
"CHAD",2002,0,"0",0,0,"0",8838369,"Central Africa",0,0,"0","0"
"CHAD",2003,55,"7",12.73,48,"87.27",9196366,"Central Africa",1,6e-04,"0.1459","0.1458"
"CHAD",2004,5531,"272",4.92,5259,"95.08",9613503,"Central Africa",58,0.0575,"0.0517","0.0517"
"CHAD",2005,90,"14",15.56,76,"84.44",10005012,"Central Africa",1,9e-04,"0.1843","0.1842"
"CHAD",2006,1668,"71",4.26,1597,"95.74",10365614,"Central Africa",16,0.0161,"0.0445","0.0445"
"CHAD",2007,0,"0",0,0,"0",10722731,"Central Africa",0,0,"0","0"
"CHAD",2008,0,"0",0,0,"0",11098664,"Central Africa",0,0,"0","0"
"CHAD",2009,67,"6",8.96,61,"91.04",11496128,"Central Africa",1,6e-04,"0.0984","0.0984"
"CHAD",2010,6395,"175",2.74,6200,"96.95",11894727,"Central Africa",54,0.0538,"0.0283","0.0282"
"CHAD",2011,17267,"458",2.65,16809,"97.34",12317730,"Central Africa",140,0.1402,"0.0272","0.0272"
"CHAD",2012,0,"0",0,0,"0",12754906,"Central Africa",0,0,"0","0"
"CHAD",2013,0,"0",0,0,"0",13216766,"Central Africa",0,0,"0","0"
"CHAD",2014,0,"0",0,0,"0",13697126,"Central Africa",0,0,"0","0"
"CHAD",2015,0,"0",0,0,"0",14140274,"Central Africa",0,0,"0","0"
"CHAD",2016,0,"0",0,0,"0",14592585,"Central Africa",0,0,"0","0"
"CHAD",2017,1266,"86",6.79,1180,"93.2",15085884,"Central Africa",8,0.0084,"0.0729","0.0729"
"CHAD",2018,0,"0",0,0,"0",15604210,"Central Africa",0,0,"0","0"
"CHAD",2019,93,"4",6.79,89,"95.69",16126866,"Central Africa",1,6e-04,"0.071","0.0449"
"CHAD",2020,0,"0",0,0,"0",16644701,"Central Africa",0,0,"0","0"
"CHAD",2021,0,"0",0,0,"0",17179740,"Central Africa",0,0,"0","0"
"CHAD",2022,0,"0",0,0,"0",17723315,"Central Africa",0,0,"0","0"
"CHAD",2023,610000,"3500",0.6,609650,"99.94",18278568,"Central Africa",3337,3.3372,"0.006","0.0057"
"Comoros",2000,3297,"91",2.76,3206,"97.24",536758,"East Africa",614,0.6142,"0.0284","0.0284"
"Comoros",2001,226,"4",1.77,222,"98.23",547741,"East Africa",41,0.0413,"0.018","0.018"
"Comoros",2002,1567,"46",2.94,1521,"97.06",559047,"East Africa",280,0.2803,"0.0303","0.0302"
"Comoros",2003,56,"0",0,56,"0",570130,"East Africa",10,0.0098,"0","0"
"Comoros",2004,1,"0",0,1,"0",581154,"East Africa",0,2e-04,"0","0"
"Comoros",2005,0,"0",0,0,"0",592683,"East Africa",0,0,"0","0"
"Comoros",2006,0,"0",0,0,"0",604658,"East Africa",0,0,"0","0"
"Comoros",2007,1555,"29",1.87,1526,"98.13",616899,"East Africa",252,0.2521,"0.0191","0.019"
"Comoros",2008,4,"0",0,4,"0",629470,"East Africa",1,6e-04,"0","0"
"Comoros",2009,0,"0",0,0,"0",642493,"East Africa",0,0,"0","0"
"Comoros",2010,0,"0",0,0,"0",656024,"East Africa",0,0,"0","0"
"Comoros",2011,0,"0",0,0,"0",670071,"East Africa",0,0,"0","0"
"Comoros",2012,0,"0",0,0,"0",684553,"East Africa",0,0,"0","0"
"Comoros",2013,0,"0",0,0,"0",699393,"East Africa",0,0,"0","0"
"Comoros",2014,0,"0",0,0,"0",714612,"East Africa",0,0,"0","0"
"Comoros",2015,0,"0",0,0,"0",730216,"East Africa",0,0,"0","0"
"Comoros",2016,0,"0",0,0,"0",746232,"East Africa",0,0,"0","0"
"Comoros",2017,0,"0",0,0,"0",761664,"East Africa",0,0,"0","0"
"Comoros",2018,0,"0",0,0,"0",776313,"East Africa",0,0,"0","0"
"Comoros",2019,0,"0",0,0,"0",790980,"East Africa",0,0,"0","0"
"Comoros",2020,0,"0",0,0,"0",806166,"East Africa",0,0,"0","0"
"Comoros",2021,0,"0",0,0,"0",821625,"East Africa",0,0,"0","0"
"Comoros",2022,132,"6",4.54,126,"95.46",836774,"East Africa",16,0.0158,"0.0476","0.0476"
"Comoros",2023,247,"1",0.4,246,"99.6",852075,"East Africa",29,0.029,"0.004","0.0041"
"Congo (DRC)",2000,14995,"941",6.28,14054,"93.72",48616317,"Central Africa",31,0.0308,"0.067","0.067"
"Congo (DRC)",2001,5728,"390",6.81,5338,"93.19",50106657,"Central Africa",11,0.0114,"0.0731","0.0731"
"Congo (DRC)",2002,31658,"1979",6.25,29679,"93.74",51662071,"Central Africa",61,0.0613,"0.0667","0.0667"
"Congo (DRC)",2003,27272,"989",3.63,26283,"96.37",53205639,"Central Africa",51,0.0513,"0.0377","0.0376"
"Congo (DRC)",2004,7665,"228",2.97,7437,"97.02",54815607,"Central Africa",14,0.014,"0.0306","0.0307"
"Congo (DRC)",2005,13430,"224",1.6,13206,"98.33",56550247,"Central Africa",24,0.0237,"0.0163","0.017"
"Congo (DRC)",2006,20642,"426",2.06,20216,"97.94",58381630,"Central Africa",35,0.0354,"0.021","0.0211"
"Congo (DRC)",2007,28269,"600",2.12,27669,"97877",60289422,"Central Africa",47,0.0469,"0","0.0217"
"Congo (DRC)",2008,30150,"548",1.82,29602,"98.18",62249724,"Central Africa",48,0.0484,"0.0185","0.0185"
"Congo (DRC)",2009,22899,"237",1.03,22662,"98.96",64270232,"Central Africa",36,0.0356,"0.0104","0.0105"
"Congo (DRC)",2010,13884,"182",1.31,13702,"98.68",66391257,"Central Africa",21,0.0209,"0.0133","0.0133"
"Congo (DRC)",2011,21700,"584",2.69,21116,"97.3",68654269,"Central Africa",32,0.0316,"0.0276","0.0277"
"Congo (DRC)",2012,33661,"819",2.43,32842,"97.56",70997870,"Central Africa",47,0.0474,"0.0249","0.0249"
"Congo (DRC)",2013,26944,"491",1.82,26453,"98.17",73460021,"Central Africa",37,0.0367,"0.0185","0.0186"
"Congo (DRC)",2014,22203,"372",1.68,21831,"98.32",76035588,"Central Africa",29,0.0292,"0.0171","0.017"
"Congo (DRC)",2015,19182,"276",1.4,18906,"98.56",78656904,"Central Africa",24,0.0244,"0.0142","0.0146"
"Congo (DRC)",2016,28093,"759",2.7,27337,"97.3",81430977,"Central Africa",34,0.0345,"0.0277","0.0278"
"Congo (DRC)",2017,56190,"1190",2.12,55000,"97.88",84283273,"Central Africa",67,0.0667,"0.0217","0.0216"
"Congo (DRC)",2018,30768,"972",3.16,29796,"96.84",87087355,"Central Africa",35,0.0353,"0.0326","0.0326"
"Congo (DRC)",2019,30304,"514",1.7,29790,"98.3",89906890,"Central Africa",34,0.0337,"0.0173","0.0173"
"Congo (DRC)",2020,19789,"354",1.79,19435,"98.21",92853164,"Central Africa",21,0.0213,"0.0182","0.0182"
"Congo (DRC)",2021,12103,"209",1.73,11894,"98.27",95894118,"Central Africa",13,0.0126,"0.0176","0.0176"
"Congo (DRC)",2022,326013,"6071",1.9,319942,"98.13",99010212,"Central Africa",329,0.3293,"0.0194","0.019"
"Congo (DRC)",2023,4386,"16",0.4,4370,"99.6",102262808,"Central Africa",4,0.0043,"0.004","0.0037"
"Djibouti",2000,1828,"32",1.75,1796,"98.25",742758,"East Africa",246,0.2461,"0.0178","0.0178"
"Djibouti",2001,0,"0",0,0,"0",765490,"East Africa",0,0,"0","0"
"Djibouti",2002,0,"0",0,0,"0",789129,"East Africa",0,0,"0","0"
"Djibouti",2003,0,"0",0,0,"0",806411,"East Africa",0,0,"0","0"
"Djibouti",2004,0,"0",0,0,"0",818373,"East Africa",0,0,"0","0"
"Djibouti",2005,0,"0",0,0,"0",830861,"East Africa",0,0,"0","0"
"Djibouti",2006,0,"0",0,0,"0",846947,"East Africa",0,0,"0","0"
"Djibouti",2007,1087,"27",2.48,1060,"97.52",865196,"East Africa",126,0.1256,"0.0254","0.0255"
"Djibouti",2008,0,"0",0,0,"0",882886,"East Africa",0,0,"0","0"
"Djibouti",2009,0,"0",0,0,"0",901103,"East Africa",0,0,"0","0"
"Djibouti",2010,2047,"19",0.93,2028,"99.07",919199,"East Africa",223,0.2227,"0.0094","0.0094"
"Djibouti",2011,127,"1",0.79,126,"99.21",936811,"East Africa",14,0.0136,"0.008","0.0079"
"Djibouti",2012,0,"0",0,0,"0",954297,"East Africa",0,0,"0","0"
"Djibouti",2013,0,"0",0,0,"0",971753,"East Africa",0,0,"0","0"
"Djibouti",2014,0,"0",0,0,"0",989087,"East Africa",0,0,"0","0"
"Djibouti",2015,0,"0",0,0,"0",1006259,"East Africa",0,0,"0","0"
"Djibouti",2016,0,"0",0,0,"0",1023261,"East Africa",0,0,"0","0"
"Djibouti",2017,0,"0",0,0,"0",1040233,"East Africa",0,0,"0","0"
"Djibouti",2018,0,"0",0,0,"0",1057198,"East Africa",0,0,"0","0"
"Djibouti",2019,0,"0",0,0,"0",1073994,"East Africa",0,0,"0","0"
"Djibouti",2020,0,"0",0,0,"0",1090156,"East Africa",0,0,"0","0"
"Djibouti",2021,0,"0",0,0,"0",1105557,"East Africa",0,0,"0","0"
"Djibouti",2022,1546,"14",0.91,1532,"99.09",1120849,"East Africa",138,0.1379,"0.0092","0.0091"
"Djibouti",2023,33344,"141",0.4,33203,"99.6",1136455,"East Africa",2934,2.934,"0.004","0.0042"
"EQUATORIAL GUINEA",2000,0,"0",0,0,"0",684977,"Central Africa",0,0,"0","0"
"EQUATORIAL GUINEA",2001,0,"0",0,0,"0",719270,"Central Africa",0,0,"0","0"
"EQUATORIAL GUINEA",2002,0,"0",0,0,"0",754115,"Central Africa",0,0,"0","0"
"EQUATORIAL GUINEA",2003,0,"0",0,0,"0",789681,"Central Africa",0,0,"0","0"
"EQUATORIAL GUINEA",2004,59,"1",1.69,58,"98.3",826355,"Central Africa",7,0.0071,"0.0172","0.0172"
"EQUATORIAL GUINEA",2005,6391,"33",0.52,6358,"99.48",864726,"Central Africa",739,0.7391,"0.0052","0.0052"
"EQUATORIAL GUINEA",2006,0,"0",0,0,"0",905418,"Central Africa",0,0,"0","0"
"EQUATORIAL GUINEA",2007,0,"0",0,0,"0",948814,"Central Africa",0,0,"0","0"
"EQUATORIAL GUINEA",2008,0,"0",0,0,"0",994971,"Central Africa",0,0,"0","0"
"EQUATORIAL GUINEA",2009,525,"100",0,425,"80.95",1043686,"Central Africa",50,0.0503,"0","0.2353"
"EQUATORIAL GUINEA",2010,0,"0",0,0,"0",1094524,"Central Africa",0,0,"0","0"
"EQUATORIAL GUINEA",2011,0,"0",0,0,"0",1144588,"Central Africa",0,0,"0","0"
"EQUATORIAL GUINEA",2012,0,"0",0,0,"0",1193636,"Central Africa",0,0,"0","0"
"EQUATORIAL GUINEA",2013,0,"0",0,0,"0",1243941,"Central Africa",0,0,"0","0"
"EQUATORIAL GUINEA",2014,0,"0",0,0,"0",1295183,"Central Africa",0,0,"0","0"
"EQUATORIAL GUINEA",2015,0,"0",0,0,"0",1346973,"Central Africa",0,0,"0","0"
"EQUATORIAL GUINEA",2016,0,"0",0,0,"0",1398927,"Central Africa",0,0,"0","0"
"EQUATORIAL GUINEA",2017,0,"0",0,0,"0",1450694,"Central Africa",0,0,"0","0"
"EQUATORIAL GUINEA",2018,0,"0",0,0,"0",1502091,"Central Africa",0,0,"0","0"
"EQUATORIAL GUINEA",2019,0,"0",0,0,"0",1553031,"Central Africa",0,0,"0","0"
"EQUATORIAL GUINEA",2020,0,"0",0,0,"0",1596049,"Central Africa",0,0,"0","0"
"EQUATORIAL GUINEA",2021,0,"0",0,0,"0",1634466,"Central Africa",0,0,"0","0"
"EQUATORIAL GUINEA",2022,0,"0",0,0,"0",1674908,"Central Africa",0,0,"0","0"
"EQUATORIAL GUINEA",2023,0,"0",0,0,"0",1714671,"Central Africa",0,0,"0","0"
"Eritea",2000,0,"0",0,0,"0",2392880,"East Africa",0,0,"0","0"
"Eritea",2001,0,"0",0,0,"0",2461927,"East Africa",0,0,"0","0"
"Eritea",2002,0,"0",0,0,"0",2547424,"East Africa",0,0,"0","0"
"Eritea",2003,0,"0",0,0,"0",2653390,"East Africa",0,0,"0","0"
"Eritea",2004,0,"0",0,0,"0",2763140,"East Africa",0,0,"0","0"
"Eritea",2005,0,"0",0,0,"0",2831732,"East Africa",0,0,"0","0"
"Eritea",2006,0,"0",0,0,"0",2880093,"East Africa",0,0,"0","0"
"Eritea",2007,119,"9",7.56,110,"92.44",2926168,"East Africa",4,0.0041,"0.0818","0.0818"
"Eritea",2008,1,"0",0,1,"0",3005779,"East Africa",0,0,"0","0"
"Eritea",2009,0,"0",0,0,"0",3083888,"East Africa",0,0,"0","0"
"Eritea",2010,0,"0",0,0,"0",3147727,"East Africa",0,0,"0","0"
"Eritea",2011,0,"0",0,0,"0",3207570,"East Africa",0,0,"0","0"
"Eritea",2012,0,"0",0,0,"0",3252596,"East Africa",0,0,"0","0"
"Eritea",2013,0,"0",0,0,"0",3296367,"East Africa",0,0,"0","0"
"Eritea",2014,0,"0",0,0,"0",3323425,"East Africa",0,0,"0","0"
"Eritea",2015,0,"0",0,0,"0",3340006,"East Africa",0,0,"0","0"
"Eritea",2016,0,"0",0,0,"0",3365287,"East Africa",0,0,"0","0"
"Eritea",2017,0,"0",0,0,"0",3396933,"East Africa",0,0,"0","0"
"Eritea",2018,0,"0",0,0,"0",3445374,"East Africa",0,0,"0","0"
"Eritea",2019,0,"0",0,0,"0",3498818,"East Africa",0,0,"0","0"
"Eritea",2020,0,"0",0,0,"0",3555868,"East Africa",0,0,"0","0"
"Eritea",2021,0,"0",0,0,"0",3620312,"East Africa",0,0,"0","0"
"Eritea",2022,0,"0",0,0,"0",3684032,"East Africa",0,0,"0","0"
"Eritea",2023,3887,"96",2.5,3791,"97.5",3748901,"East Africa",104,0.1037,"0.0256","0.0253"
"Ethiopia",2000,0,"0",0,0,"0",67031867,"East Africa",0,0,"0","0"
"Ethiopia",2001,0,"0",0,0,"0",69018932,"East Africa",0,0,"0","0"
"Ethiopia",2002,0,"0",0,0,"0",71073215,"East Africa",0,0,"0","0"
"Ethiopia",2003,0,"0",0,0,"0",73168838,"East Africa",0,0,"0","0"
"Ethiopia",2004,16,"0",0,16,"0",75301026,"East Africa",0,0,"0","0"
"Ethiopia",2005,0,"0",0,0,"0",77469940,"East Africa",0,0,"0","0"
"Ethiopia",2006,54070,"575",1.06,53495,"98.94",79691050,"East Africa",68,0.0678,"0.0107","0.0107"
"Ethiopia",2007,24121,"272",1.13,23849,"98.87",81996185,"East Africa",29,0.0294,"0.0114","0.0114"
"Ethiopia",2008,3862,"23",0.6,3839,"99.4",84357105,"East Africa",5,0.0046,"0.006","0.006"
"Ethiopia",2009,31509,"434",1.38,31075,"98.62",86755585,"East Africa",36,0.0363,"0.014","0.014"
"Ethiopia",2010,1682,"21",1.25,1661,"98.75",89237791,"East Africa",2,0.0019,"0.0127","0.0126"
"Ethiopia",2011,0,"0",0,0,"0",91817929,"East Africa",0,0,"0","0"
"Ethiopia",2012,0,"0",0,0,"0",94451280,"East Africa",0,0,"0","0"
"Ethiopia",2013,0,"0",0,0,"0",97084366,"East Africa",0,0,"0","0"
"Ethiopia",2014,0,"0",0,0,"0",99746766,"East Africa",0,0,"0","0"
"Ethiopia",2015,0,"0",0,0,"0",102471895,"East Africa",0,0,"0","0"
"Ethiopia",2016,0,"0",0,0,"0",105293228,"East Africa",0,0,"0","0"
"Ethiopia",2017,0,"0",0,0,"0",108197950,"East Africa",0,0,"0","0"
"Ethiopia",2018,0,"0",0,0,"0",111129438,"East Africa",0,0,"0","0"
"Ethiopia",2019,2615,"36",1.38,2579,"98.62",114120594,"East Africa",2,0.0023,"0.014","0.014"
"Ethiopia",2020,12226,"176",1.44,12050,"98.56",117190911,"East Africa",10,0.0104,"0.0146","0.0146"
"Ethiopia",2021,674,"7",1.04,667,"98.96",120283026,"East Africa",1,6e-04,"0.0105","0.0105"
"Ethiopia",2022,4127,"47",1.14,4080,"98.86",123379924,"East Africa",3,0.0033,"0.0115","0.0115"
"Ethiopia",2023,6157,"94",1.53,6063,"98.47",126527060,"East Africa",5,0.0049,"0.0155","0.0155"
"GABON",2000,0,"0",0,0,"0",1272935,"Central Africa",0,0,"0","0"
"GABON",2001,0,"0",0,0,"0",1306590,"Central Africa",0,0,"0","0"
"GABON",2002,6,"0",0,0,"0",1341696,"Central Africa",0,4e-04,"0","0"
"GABON",2003,629,"0",0,629,"100",1378398,"Central Africa",46,0.0456,"0","0"
"GABON",2004,0,"0",0,0,"0",1417110,"Central Africa",0,0,"0","0"
"GABON",2005,0,"0",0,0,"0",1458353,"Central Africa",0,0,"0","0"
"GABON",2006,0,"0",0,0,"0",1502534,"Central Africa",0,0,"0","0"
"GABON",2007,0,"0",0,0,"0",1549774,"Central Africa",0,0,"0","0"
"GABON",2008,2,"0",100,2,"100",1599978,"Central Africa",0,1e-04,"1","0"
"GABON",2009,0,"0",0,0,"0",1653542,"Central Africa",0,0,"0","0"
"GABON",2010,0,"0",0,0,"0",1711105,"Central Africa",0,0,"0","0"
"GABON",2011,0,"0",0,0,"0",1772500,"Central Africa",0,0,"0","0"
"GABON",2012,0,"0",0,0,"0",1836705,"Central Africa",0,0,"0","0"
"GABON",2013,0,"0",0,0,"0",1902226,"Central Africa",0,0,"0","0"
"GABON",2014,0,"0",0,0,"0",1902226,"Central Africa",0,0,"0","0"
"GABON",2015,0,"0",0,0,"0",2028517,"Central Africa",0,0,"0","0"
"GABON",2016,0,"0",0,0,"0",2086206,"Central Africa",0,0,"0","0"
"GABON",2017,0,"0",0,0,"0",2140215,"Central Africa",0,0,"0","0"
"GABON",2018,0,"0",0,0,"0",2192012,"Central Africa",0,0,"0","0"
"GABON",2019,0,"0",0,0,"0",2242785,"Central Africa",0,0,"0","0"
"GABON",2020,0,"0",0,0,"0",2292573,"Central Africa",0,0,"0","0"
"GABON",2021,0,"0",0,0,"0",2341179,"Central Africa",0,0,"0","0"
"GABON",2022,0,"0",0,0,"0",2388992,"Central Africa",0,0,"0","0"
"GABON",2023,0,"0",0,0,"0",2436566,"Central Africa",0,0,"0","0"
"Gambia",2000,0,"0",0,0,"0",1367124,"West Africa",0,0,"0","0"
"Gambia",2001,0,"0",0,0,"0",1405000,"West Africa",0,0,"0","0"
"Gambia",2002,0,"0",0,0,"0",1444000,"West Africa",0,0,"0","0"
"Gambia",2003,0,"0",0,0,"0",1484000,"West Africa",0,0,"0","0"
"Gambia",2004,0,"0",0,0,"0",1525000,"West Africa",0,0,"0","0"
"Gambia",2005,214,"13",6.07,201,"93.93",1364507,"West Africa",16,0.0157,"0.0646","0.0647"
"Gambia",2006,0,"0",0,0,"0",1602000,"West Africa",0,0,"0","0"
"Gambia",2007,12,"1",8.33,11,"91.67",1647000,"West Africa",1,7e-04,"0.0909","0.0909"
"Gambia",2008,1,"0",0,1,"100",1693000,"West Africa",0,1e-04,"0","0"
"Gambia",2009,0,"0",0,0,"0",1740000,"West Africa",0,0,"0","0"
"Gambia",2010,0,"0",0,0,"0",1788000,"West Africa",0,0,"0","0"
"Gambia",2011,0,"0",0,0,"0",1837000,"West Africa",0,0,"0","0"
"Gambia",2012,0,"0",0,0,"0",1887000,"West Africa",0,0,"0","0"
"Gambia",2013,0,"0",0,0,"0",1882450,"West Africa",0,0,"0","0"
"Gambia",2014,0,"0",0,0,"0",2000000,"West Africa",0,0,"0","0"
"Gambia",2015,0,"0",0,0,"0",2052000,"West Africa",0,0,"0","0"
"Gambia",2016,0,"0",0,0,"0",2105000,"West Africa",0,0,"0","0"
"Gambia",2017,0,"0",0,0,"0",2159000,"West Africa",0,0,"0","0"
"Gambia",2018,0,"0",0,0,"0",2215000,"West Africa",0,0,"0","0"
"Gambia",2019,0,"0",0,0,"0",2271000,"West Africa",0,0,"0","0"
"Gambia",2020,0,"0",0,0,"0",2328000,"West Africa",0,0,"0","0"
"Gambia",2021,0,"0",0,0,"0",2387000,"West Africa",0,0,"0","0"
"Gambia",2022,0,"0",0,0,"0",2446000,"West Africa",0,0,"0","0"
"Gambia",2023,0,"0",0,0,"0",2507000,"West Africa",0,0,"0","0"
"Ghana",2000,3331,"74",2.22,3257,"97.78",19665502,"West Africa",17,0.0169,"0.0227","0.0227"
"Ghana",2001,5487,"160",2.92,5327,"97.08",20195576,"West Africa",27,0.0272,"0.0301","0.03"
"Ghana",2002,3614,"65",1.8,3549,"98.2",20758326,"West Africa",17,0.0174,"0.0183","0.0183"
"Ghana",2003,204,"4",1.96,200,"98.04",21329514,"West Africa",1,0.001,"0.02","0.02"
"Ghana",2004,407,"6",1.47,401,"98.53",21906444,"West Africa",2,0.0019,"0.0149","0.015"
"Ghana",2005,3166,"51",1.61,3115,"98.39",22496951,"West Africa",14,0.0141,"0.0164","0.0164"
"Ghana",2006,3357,"107",3.19,3250,"96.81",23098586,"West Africa",15,0.0145,"0.033","0.0329"
"Ghana",2007,179,"18",10.06,161,"89.94",23708319,"West Africa",1,8e-04,"0.1119","0.1118"
"Ghana",2008,1223,"25",2.04,1198,"97.96",24326087,"West Africa",5,0.005,"0.0208","0.0209"
"Ghana",2009,1294,"9",0.7,1285,"99.3",24950761,"West Africa",5,0.0052,"0.007","0.007"
"Ghana",2010,438,"3",0.68,435,"99.32",25574718,"West Africa",2,0.0017,"0.0068","0.0069"
"Ghana",2011,10628,"105",0.99,10523,"99.01",26125000,"West Africa",41,0.0407,"0.01","0.01"
"Ghana",2012,9548,"100",1.05,9448,"98.95",26908262,"West Africa",35,0.0355,"0.0106","0.0106"
"Ghana",2013,50,"0",0,50,"100",27750000,"West Africa",0,2e-04,"0","0"
"Ghana",2014,28944,"243",0.8,28701,"99.16",28206728,"West Africa",103,0.1026,"0.0081","0.0085"
"Ghana",2015,692,"8",1.2,684,"98.84",28870939,"West Africa",2,0.0024,"0.0121","0.0117"
"Ghana",2016,175,"0",0,175,"100",29554303,"West Africa",1,6e-04,"0","0"
"Ghana",2017,0,"0",0,0,"0",30222262,"West Africa",0,0,"0","0"
"Ghana",2018,0,"0",0,0,"0",30870641,"West Africa",0,0,"0","0"
"Ghana",2019,1,"0",0,1,"100",31522290,"West Africa",0,0,"0","0"
"Ghana",2020,0,"0",0,0,"0",32180401,"West Africa",0,0,"0","0"
"Ghana",2021,2,"0",0,2,"100",32833031,"West Africa",0,0,"0","0"
"Ghana",2022,0,"0",0,0,"0",33475870,"West Africa",0,0,"0","0"
"Ghana",2023,0,"0",0,0,"0",34121985,"West Africa",0,0,"0","0"
"Guinea",2000,519,"32",6.17,487,"93.83",8336967,"West Africa",6,0.0062,"0.0658","0.0657"
"Guinea",2001,392,"22",5.61,370,"94.39",8445717,"West Africa",5,0.0046,"0.0594","0.0595"
"Guinea",2002,61,"11",18.03,50,"81.97",8577789,"West Africa",1,7e-04,"0.22","0.22"
"Guinea",2003,6,"1",16.67,5,"83.33",8772254,"West Africa",0,1e-04,"0.2","0.2"
"Guinea",2004,1516,"117",7.72,1399,"92.28",8961039,"West Africa",17,0.0169,"0.0837","0.0836"
"Guinea",2005,3821,"107",2.8,3714,"97.2",9140114,"West Africa",42,0.0418,"0.0288","0.0288"
"Guinea",2006,3242,"219",6.76,3023,"93.24",9330625,"West Africa",35,0.0347,"0.0725","0.0724"
"Guinea",2007,8546,"311",3.64,8235,"96.36",9547082,"West Africa",90,0.0895,"0.0378","0.0378"
"Guinea",2008,513,"32",6.24,481,"93.76",9779785,"West Africa",5,0.0052,"0.0666","0.0665"
"Guinea",2009,42,"0",0,42,"100",10021323,"West Africa",0,4e-04,"0","0"
"Guinea",2010,0,"0",0,0,"0",10270727,"West Africa",0,0,"0","0"
"Guinea",2011,3,"0",0,3,"100",10527712,"West Africa",0,0,"0","0"
"Guinea",2012,7350,"133",1.81,7217,"98.19",10788692,"West Africa",68,0.0681,"0.0184","0.0184"
"Guinea",2013,319,"32",10.03,287,"89.97",11055429,"West Africa",3,0.0029,"0.1115","0.1115"
"Guinea",2014,1,"0",0,1,"100",11333365,"West Africa",0,0,"0","0"
"Guinea",2015,0,"0",0,0,"0",11625998,"West Africa",0,0,"0","0"
"Guinea",2016,0,"0",0,0,"0",11930984,"West Africa",0,0,"0","0"
"Guinea",2017,0,"0",0,0,"0",12240788,"West Africa",0,0,"0","0"
"Guinea",2018,0,"0",0,0,"0",12557729,"West Africa",0,0,"0","0"
"Guinea",2019,0,"0",0,0,"0",12881268,"West Africa",0,0,"0","0"
"Guinea",2020,0,"0",0,0,"0",13211783,"West Africa",0,0,"0","0"
"Guinea",2021,0,"0",0,0,"0",13531906,"West Africa",0,0,"0","0"
"Guinea",2022,0,"0",0,0,"0",13859341,"West Africa",0,0,"0","0"
"Guinea",2023,0,"0",0,0,"0",14190612,"West Africa",0,0,"0","0"
"Guinea Bissau",2000,0,"0",0,0,"0",1230849,"West Africa",0,0,"0","0"
"Guinea Bissau",2001,0,"0",0,0,"0",1257380,"West Africa",0,0,"0","0"
"Guinea Bissau",2002,842,"6",0.71,836,"99.29",1285678,"West Africa",65,0.0655,"0.0072","0.0072"
"Guinea Bissau",2003,290,"2",0.69,288,"99.31",1315653,"West Africa",22,0.022,"0.0069","0.0069"
"Guinea Bissau",2004,155,"3",1.94,152,"98.06",1347009,"West Africa",12,0.0115,"0.0198","0.0197"
"Guinea Bissau",2005,25111,"399",1.59,24712,"98.41",1379713,"West Africa",1820,1.82,"0.0162","0.0161"
"Guinea Bissau",2006,37,"0",0,37,"100",1414091,"West Africa",3,0.0026,"0","0"
"Guinea Bissau",2007,153,"8",5.23,145,"94.77",1450572,"West Africa",11,0.0105,"0.0552","0.0552"
"Guinea Bissau",2008,14323,"225",1.57,14098,"98.43",1488431,"West Africa",962,0.9623,"0.016","0.016"
"Guinea Bissau",2009,5,"0",0,5,"100",1527196,"West Africa",0,3e-04,"0","0"
"Guinea Bissau",2010,0,"0",0,0,"0",1567220,"West Africa",0,0,"0","0"
"Guinea Bissau",2011,0,"0",0,0,"0",1609017,"West Africa",0,0,"0","0"
"Guinea Bissau",2012,3068,"22",0.72,3046,"99.28",1652717,"West Africa",186,0.1856,"0.0073","0.0072"
"Guinea Bissau",2013,969,"28",2.89,941,"97.11",1697753,"West Africa",57,0.0571,"0.0298","0.0298"
"Guinea Bissau",2014,11,"2",18.2,9,"81.82",1743309,"West Africa",1,6e-04,"0.2224","0.2222"
"Guinea Bissau",2015,0,"0",0,0,"0",1788919,"West Africa",0,0,"0","0"
"Guinea Bissau",2016,0,"0",0,0,"0",1834552,"West Africa",0,0,"0","0"
"Guinea Bissau",2017,0,"0",0,0,"0",1879826,"West Africa",0,0,"0","0"
"Guinea Bissau",2018,0,"0",0,0,"0",1924955,"West Africa",0,0,"0","0"
"Guinea Bissau",2019,0,"0",0,0,"0",1970457,"West Africa",0,0,"0","0"
"Guinea Bissau",2020,0,"0",0,0,"0",2015828,"West Africa",0,0,"0","0"
"Guinea Bissau",2021,0,"0",0,0,"0",2060721,"West Africa",0,0,"0","0"
"Guinea Bissau",2022,7166,"133",1.9,7033,"98.14",2105566,"West Africa",340,0.3403,"0.0194","0.0189"
"Guinea Bissau",2023,0,"0",0,0,"0",2150842,"West Africa",0,0,"0","0"
"Ivory Coast (C?e d'Ivoire)",2000,0,"0",0,0,"0",16799670,"West Africa",0,0,"0","0"
"Ivory Coast (C?e d'Ivoire)",2001,5912,"305",5.16,5607,"94.84",17245468,"West Africa",34,0.0343,"0.0544","0.0544"
"Ivory Coast (C?e d'Ivoire)",2002,4188,"143",3.41,4045,"96.59",17683897,"West Africa",24,0.0237,"0.0353","0.0354"
"Ivory Coast (C?e d'Ivoire)",2003,1034,"50",4.84,984,"95.16",17599613,"West Africa",6,0.0059,"0.0509","0.0508"
"Ivory Coast (C?e d'Ivoire)",2004,105,"9",8.57,96,"91.43",18544902,"West Africa",1,6e-04,"0.0937","0.0938"
"Ivory Coast (C?e d'Ivoire)",2005,39,"6",15.38,33,"84.62",18154000,"West Africa",0,2e-04,"0.1818","0.1818"
"Ivory Coast (C?e d'Ivoire)",2006,414,"15",3.62,399,"96.38",19394057,"West Africa",2,0.0021,"0.0376","0.0376"
"Ivory Coast (C?e d'Ivoire)",2007,8,"1",12.5,7,"87.5",19817700,"West Africa",0,0,"0.1429","0.1429"
"Ivory Coast (C?e d'Ivoire)",2008,7,"1",14.29,6,"85.71",20244449,"West Africa",0,0,"0.1667","0.1667"
"Ivory Coast (C?e d'Ivoire)",2009,5,"2",40,3,"60",20677762,"West Africa",0,0,"0.6667","0.6667"
"Ivory Coast (C?e d'Ivoire)",2010,32,"0",0,32,"100",21120041,"West Africa",0,2e-04,"0","0"
"Ivory Coast (C?e d'Ivoire)",2011,1261,"24",1.9,1237,"98.1",21562914,"West Africa",6,0.0058,"0.0194","0.0194"
"Ivory Coast (C?e d'Ivoire)",2012,424,"19",4.48,405,"95.52",22010711,"West Africa",2,0.0019,"0.0469","0.0469"
"Ivory Coast (C?e d'Ivoire)",2013,56,"2",3.57,54,"96.43",22469267,"West Africa",0,2e-04,"0.037","0.037"
"Ivory Coast (C?e d'Ivoire)",2014,235,"12",5.1,223,"94.89",22995555,"West Africa",1,0.001,"0.0537","0.0538"
"Ivory Coast (C?e d'Ivoire)",2015,199,"6",3,193,"96.98",23596741,"West Africa",1,8e-04,"0.0309","0.0311"
"Ivory Coast (C?e d'Ivoire)",2016,0,"0",0,0,"0",24213621,"West Africa",0,0,"0","0"
"Ivory Coast (C?e d'Ivoire)",2017,0,"0",0,0,"0",24848015,"West Africa",0,0,"0","0"
"Ivory Coast (C?e d'Ivoire)",2018,0,"0",0,0,"0",25493988,"West Africa",0,0,"0","0"
"Ivory Coast (C?e d'Ivoire)",2019,0,"0",0,0,"0",26147551,"West Africa",0,0,"0","0"
"Ivory Coast (C?e d'Ivoire)",2020,0,"0",0,0,"0",26811790,"West Africa",0,0,"0","0"
"Ivory Coast (C?e d'Ivoire)",2021,12,"0",0,12,"100",27478249,"West Africa",0,0,"0","0"
"Ivory Coast (C?e d'Ivoire)",2022,321,"2",0.62,319,"99.38",28160534,"West Africa",1,0.0011,"0.0062","0.0063"
"Ivory Coast (C?e d'Ivoire)",2023,24562,"156",0.6,24406,"99.36",28873034,"West Africa",85,0.0851,"0.006","0.0064"
"Kenya",2000,1157,"78",6.74,1079,"93.26",30851606,"East Africa",4,0.0038,"0.0723","0.0723"
"Kenya",2001,1001,"55",5.49,946,"94.51",31800343,"East Africa",3,0.0031,"0.0581","0.0581"
"Kenya",2002,291,"10",3.44,281,"96.56",32779823,"East Africa",1,9e-04,"0.0356","0.0356"
"Kenya",2003,0,"0",0,0,"0",33767122,"East Africa",0,0,"0","0"
"Kenya",2004,870,"15",1.72,855,"74.29",34791836,"East Africa",3,0.0025,"0.0232","0.0175"
"Kenya",2005,816,"11",1.35,805,"74.29",35843010,"East Africa",2,0.0023,"0.0182","0.0137"
"Kenya",2006,870,"113",3.66,757,"74.29",36925253,"East Africa",2,0.0024,"0.0493","0.1493"
"Kenya",2007,1206,"67",5.56,1139,"74.29",38036793,"East Africa",3,0.0032,"0.0748","0.0588"
"Kenya",2008,3091,"113",3.66,2978,"74.29",39186895,"East Africa",8,0.0079,"0.0493","0.0379"
"Kenya",2009,11425,"264",2.31,11161,"74.29",40364444,"East Africa",28,0.0283,"0.0311","0.0237"
"Kenya",2010,3188,"63",1.98,3125,"74.29",41517895,"East Africa",8,0.0077,"0.0267","0.0202"
"Kenya",2011,74,"2",2.7,72,"74.29",42635144,"East Africa",0,2e-04,"0.0363","0.0278"
"Kenya",2012,0,"0",0,0,"0",43725806,"East Africa",0,0,"0","0"
"Kenya",2013,0,"0",0,0,"0",44792368,"East Africa",0,0,"0","0"
"Kenya",2014,35,"9",25.71,26,"74.29",45831863,"East Africa",0,1e-04,"0.3461","0.3462"
"Kenya",2015,13291,"67",0.5,13224,"99.5",46851488,"East Africa",28,0.0284,"0.005","0.0051"
"Kenya",2016,5866,"80",1.36,5786,"98.64",47894670,"East Africa",12,0.0122,"0.0138","0.0138"
"Kenya",2017,4288,"82",1.91,4206,"98.09",48948137,"East Africa",9,0.0088,"0.0195","0.0195"
"Kenya",2018,5719,"78",1.36,5641,"98.64",49953304,"East Africa",11,0.0114,"0.0138","0.0138"
"Kenya",2019,5208,"141",2.71,5067,"97.29",50951450,"East Africa",10,0.0102,"0.0279","0.0278"
"Kenya",2020,447,"12",2.68,435,"97.32",51985780,"East Africa",1,9e-04,"0.0275","0.0276"
"Kenya",2021,38,"0",0,38,"0",53005614,"East Africa",0,1e-04,"0","0"
"Kenya",2022,17697,"271",1.53,17426,"98.47",54027487,"East Africa",33,0.0328,"0.0155","0.0156"
"Kenya",2023,7800,"122",1.56,7678,"98.44",55100586,"East Africa",14,0.0142,"0.0158","0.0159"
"Lesotho",2000,0,"0",0,0,"0",1998630,"South Africa",0,0,"0","0"
"Lesotho",2001,0,"0",0,0,"0",1999473,"South Africa",0,0,"0","0"
"Lesotho",2002,0,"0",0,0,"0",1997534,"South Africa",0,0,"0","0"
"Lesotho",2003,0,"0",0,0,"0",1993030,"South Africa",0,0,"0","0"
"Lesotho",2004,0,"0",0,0,"0",1985384,"South Africa",0,0,"0","0"
"Lesotho",2005,0,"0",0,0,"0",1977424,"South Africa",0,0,"0","0"
"Lesotho",2006,0,"0",0,0,"0",1976780,"South Africa",0,0,"0","0"
"Lesotho",2007,0,"0",0,0,"0",1983465,"South Africa",0,0,"0","0"
"Lesotho",2008,0,"0",0,0,"0",1995014,"South Africa",0,0,"0","0"
"Lesotho",2009,0,"0",0,0,"0",2009169,"South Africa",0,0,"0","0"
"Lesotho",2010,0,"0",0,0,"0",2022747,"South Africa",0,0,"0","0"
"Lesotho",2011,0,"0",0,0,"0",2037677,"South Africa",0,0,"0","0"
"Lesotho",2012,0,"0",0,0,"0",2054718,"South Africa",0,0,"0","0"
"Lesotho",2013,0,"0",0,0,"0",2073939,"South Africa",0,0,"0","0"
"Lesotho",2014,0,"0",0,0,"0",2095242,"South Africa",0,0,"0","0"
"Lesotho",2015,0,"0",0,0,"0",2118521,"South Africa",0,0,"0","0"
"Lesotho",2016,0,"0",0,0,"0",2143872,"South Africa",0,0,"0","0"
"Lesotho",2017,0,"0",0,0,"0",2170617,"South Africa",0,0,"0","0"
"Lesotho",2018,0,"0",0,0,"0",2198017,"South Africa",0,0,"0","0"
"Lesotho",2019,0,"0",0,0,"0",2225702,"South Africa",0,0,"0","0"
"Lesotho",2020,0,"0",0,0,"0",2254100,"South Africa",0,0,"0","0"
"Lesotho",2021,0,"0",0,0,"0",2281454,"South Africa",0,0,"0","0"
"Lesotho",2022,0,"0",0,0,"0",2305825,"South Africa",0,0,"0","0"
"Lesotho",2023,197,"11",6,186,"94.4",2330318,"South Africa",8,0.0085,"0.0636","0.0591"
"Liberia",2000,365,"10",2.74,355,"97.26",2895224,"West Africa",13,0.0126,"0.0282","0.0282"
"Liberia",2001,1062,"0",0,1062,"100",2981648,"West Africa",36,0.0356,"0","0"
"Liberia",2002,1115,"0",0,1115,"100",3060599,"West Africa",36,0.0364,"0","0"
"Liberia",2003,34740,"38",0.11,34702,"99.89",3085173,"West Africa",1126,1.126,"0.0011","0.0011"
"Liberia",2004,2786,"4",0.14,2782,"99.86",3122447,"West Africa",89,0.0892,"0.0014","0.0014"
"Liberia",2005,3823,"18",0.47,3805,"99.53",3266318,"West Africa",117,0.117,"0.0047","0.0047"
"Liberia",2006,4929,"17",0.34,4912,"99.66",3455397,"West Africa",143,0.1426,"0.0034","0.0035"
"Liberia",2007,3063,"7",0.23,3056,"99.77",3632740,"West Africa",84,0.0843,"0.0023","0.0023"
"Liberia",2008,1236,"3",0.24,1233,"99.76",3783887,"West Africa",33,0.0327,"0.0024","0.0024"
"Liberia",2009,1070,"2",0.19,1068,"99.81",3905066,"West Africa",27,0.0274,"0.0019","0.0019"
"Liberia",2010,1546,"0",0,1546,"100",4019956,"West Africa",38,0.0385,"0","0"
"Liberia",2011,1146,"0",0,1146,"100",4181150,"West Africa",27,0.0274,"0","0"
"Liberia",2012,219,"0",0,219,"100",4331740,"West Africa",5,0.0051,"0","0"
"Liberia",2013,92,"0",0,92,"100",4427313,"West Africa",2,0.0021,"0","0"
"Liberia",2014,44,"0",0,44,"100",4519398,"West Africa",1,0.001,"0","0"
"Liberia",2015,0,"0",0,0,"0",4612329,"West Africa",0,0,"0","0"
"Liberia",2016,0,"0",0,0,"0",4706097,"West Africa",0,0,"0","0"
"Liberia",2017,0,"0",0,0,"0",4796631,"West Africa",0,0,"0","0"
"Liberia",2018,2,"0",0,2,"100",4889391,"West Africa",0,0,"0","0"
"Liberia",2019,0,"0",0,0,"0",4985289,"West Africa",0,0,"0","0"
"Liberia",2020,0,"0",0,0,"0",5087584,"West Africa",0,0,"0","0"
"Liberia",2021,167,"0",0,167,"100",5193416,"West Africa",3,0.0032,"0","0"
"Liberia",2022,18,"1",5.6,17,"94.44",5302681,"West Africa",0,3e-04,"0.0593","0.0588"
"Liberia",2023,0,"0",0,0,"0",5418377,"West Africa",0,0,"0","0"
"Madagascar",2000,29305,"1672",5.71,27633,"94.28",16216431,"East Africa",181,0.1807,"0.0606","0.0605"
"Madagascar",2001,7219,"413",5.72,6806,"94.28",16709665,"East Africa",43,0.0432,"0.0607","0.0607"
"Madagascar",2002,27,"0",0,27,"0",17211934,"East Africa",0,2e-04,"0","0"
"Madagascar",2003,5,"0",0,5,"0",17724310,"East Africa",0,0,"0","0"
"Madagascar",2004,0,"0",0,0,"0",18250774,"East Africa",0,0,"0","0"
"Madagascar",2005,0,"0",0,0,"0",18792171,"East Africa",0,0,"0","0"
"Madagascar",2006,0,"0",0,0,"0",19350299,"East Africa",0,0,"0","0"
"Madagascar",2007,0,"0",0,0,"0",19924958,"East Africa",0,0,"0","0"
"Madagascar",2008,0,"0",0,0,"0",20513599,"East Africa",0,0,"0","0"
"Madagascar",2009,0,"0",0,0,"0",21117092,"East Africa",0,0,"0","0"
"Madagascar",2010,0,"0",0,0,"0",21731053,"East Africa",0,0,"0","0"
"Madagascar",2011,0,"0",0,0,"0",22348158,"East Africa",0,0,"0","0"
"Madagascar",2012,0,"0",0,0,"0",22966240,"East Africa",0,0,"0","0"
"Madagascar",2013,0,"0",0,0,"0",23588073,"East Africa",0,0,"0","0"
"Madagascar",2014,0,"0",0,0,"0",24215976,"East Africa",0,0,"0","0"
"Madagascar",2015,0,"0",0,0,"0",24850912,"East Africa",0,0,"0","0"
"Madagascar",2016,0,"0",0,0,"0",25501941,"East Africa",0,0,"0","0"
"Madagascar",2017,0,"0",0,0,"0",26169542,"East Africa",0,0,"0","0"
"Madagascar",2018,0,"0",0,0,"0",26846541,"East Africa",0,0,"0","0"
"Madagascar",2019,0,"0",0,0,"0",27533134,"East Africa",0,0,"0","0"
"Madagascar",2020,0,"0",0,0,"0",28225177,"East Africa",0,0,"0","0"
"Madagascar",2021,0,"0",0,0,"0",28915653,"East Africa",0,0,"0","0"
"Madagascar",2022,46158,"2905",6.29,43253,"93.71",29611714,"East Africa",156,0.1559,"0.0671","0.0672"
"Madagascar",2023,5237,"37",0.7,5200,"99.3",30325732,"East Africa",17,0.0173,"0.007","0.0071"
"Malawi",2000,2391,"56",2.34,2335,"97.66",11229387,"South Africa",21,0.0213,"0.024","0.024"
"Malawi",2001,2395,"42",1.75,2353,"98.25",11498818,"South Africa",21,0.0208,"0.0178","0.0178"
"Malawi",2002,32618,"911",2.79,31707,"97.21",12087965,"South Africa",270,0.2698,"0.0287","0.0287"
"Malawi",2003,2736,"34",1.24,2702,"98.76",12411342,"South Africa",22,0.022,"0.0126","0.0126"
"Malawi",2004,675,"4",0.59,671,"99.41",12755648,"South Africa",5,0.0053,"0.0059","0.006"
"Malawi",2005,1105,"11",1,1094,"99",13118307,"South Africa",8,0.0084,"0.0101","0.0101"
"Malawi",2007,4148,"55",1.32,4093,"98.67",13495463,"South Africa",31,0.0307,"0.0134","0.0134"
"Malawi",2008,475,"5",1.05,470,"98.95",13889423,"South Africa",3,0.0034,"0.0106","0.0106"
"Malawi",2009,831,"26",3.13,805,"96.87",14298932,"South Africa",6,0.0058,"0.0323","0.0323"
"Malawi",2010,5751,"125",2.17,5626,"97.83",14718422,"South Africa",39,0.0391,"0.0222","0.0222"
"Malawi",2011,1155,"17",1.47,1138,"98.53",15146094,"South Africa",8,0.0076,"0.0149","0.0149"
"Malawi",2012,120,"4",3.33,116,"96.67",15581251,"South Africa",1,8e-04,"0.0344","0.0345"
"Malawi",2013,187,"2",1.07,185,"98.93",16024775,"South Africa",1,0.0012,"0.0108","0.0108"
"Malawi",2014,0,"0",0,0,"0",16477966,"South Africa",0,0,"0","0"
"Malawi",2015,0,"0",0,0,"0",16938942,"South Africa",0,0,"0","0"
"Malawi",2016,693,"11",1.6,682,"98.41",17405624,"South Africa",4,0.004,"0.0163","0.0161"
"Malawi",2017,1792,"46",2.57,1746,"97.43",17881167,"South Africa",10,0.01,"0.0264","0.0263"
"Malawi",2018,344,"5",1.45,339,"98.55",18367883,"South Africa",2,0.0019,"0.0147","0.0147"
"Malawi",2019,812,"27",3.33,785,"96.67",18867337,"South Africa",4,0.0043,"0.0344","0.0344"
"Malawi",2020,23,"0",0,23,"100",19377061,"South Africa",0,1e-04,"0","0"
"Malawi",2021,3,"0",0,3,"100",19889742,"South Africa",0,0,"0","0"
"Malawi",2022,2,"0",0,2,"100",20405317,"South Africa",0,0,"0","0"
"Malawi",2023,5718,"132",2.31,5586,"97.69",20931751,"South Africa",27,0.0273,"0.0236","0.0236"
"Mali",2000,1885,"51",2.71,1834,"97.29",9818552,"West Africa",19,0.0192,"0.0279","0.0278"
"Mali",2001,67,"9",13.43,58,"86.57",10104000,"West Africa",1,7e-04,"0.1551","0.1552"
"Mali",2002,18,"2",11.11,16,"88.89",10370000,"West Africa",0,2e-04,"0.125","0.125"
"Mali",2003,1455,"119",8.18,1336,"91.82",10650000,"West Africa",14,0.0137,"0.0891","0.0891"
"Mali",2004,2839,"205",7.22,2634,"92.78",10935000,"West Africa",26,0.026,"0.0778","0.0778"
"Mali",2005,1178,"76",6.45,1102,"93.55",11525000,"West Africa",10,0.0102,"0.0689","0.069"
"Mali",2006,7,"0",0,7,"100",11830000,"West Africa",0,1e-04,"0","0"
"Mali",2007,0,"0",0,0,"0",12140000,"West Africa",0,0,"0","0"
"Mali",2008,153,"5",3.27,148,"96.73",14528662,"West Africa",1,0.0011,"0.0338","0.0338"
"Mali",2009,0,"0",0,0,"0",14528662,"West Africa",0,0,"0","0"
"Mali",2010,0,"0",0,0,"0",15000000,"West Africa",0,0,"0","0"
"Mali",2011,2220,"95",4.28,2125,"95.72",15435000,"West Africa",14,0.0144,"0.0447","0.0447"
"Mali",2012,219,"19",8.68,200,"91.32",15880000,"West Africa",1,0.0014,"0.0951","0.095"
"Mali",2013,23,"2",8.7,21,"91.3",16335000,"West Africa",0,1e-04,"0.0953","0.0952"
"Mali",2014,2059,"0",0,2059,"100",16800000,"West Africa",12,0.0123,"0","0"
"Mali",2015,51,"0",0,51,"100",17275000,"West Africa",0,3e-04,"0","0"
"Mali",2016,0,"0",0,0,"0",17760000,"West Africa",0,0,"0","0"
"Mali",2017,0,"0",0,0,"0",18255000,"West Africa",0,0,"0","0"
"Mali",2018,0,"0",0,0,"0",18760000,"West Africa",0,0,"0","0"
"Mali",2019,0,"0",0,0,"0",19275000,"West Africa",0,0,"0","0"
"Mali",2020,0,"0",0,0,"0",19800000,"West Africa",0,0,"0","0"
"Mali",2021,0,"0",0,0,"0",20335000,"West Africa",0,0,"0","0"
"Mali",2022,54841,"1766",3,53075,"0",20880000,"West Africa",263,0.2626,"Inf","0.0333"
"Mali",2023,0,"0",0,0,"0",20940000,"West Africa",0,0,"0","0"
"Mauritania",2000,0,"0",0,0,"0",2695003,"West Africa",0,0,"0","0"
"Mauritania",2001,0,"0",0,0,"0",2761823,"West Africa",0,0,"0","0"
"Mauritania",2002,80,"0",0,80,"100",2821703,"West Africa",3,0.0028,"0","0"
"Mauritania",2003,34,"8",23.53,26,"76.47",2883326,"West Africa",1,0.0012,"0.3077","0.3077"
"Mauritania",2004,0,"0",0,0,"0",2946575,"West Africa",0,0,"0","0"
"Mauritania",2005,4132,"70",1.69,4062,"98.31",3012360,"West Africa",137,0.1372,"0.0172","0.0172"
"Mauritania",2006,25,"0",0,25,"100",3081229,"West Africa",1,8e-04,"0","0"
"Mauritania",2007,3,"0",0,3,"100",3153508,"West Africa",0,1e-04,"0","0"
"Mauritania",2008,0,"0",0,0,"0",3233336,"West Africa",0,0,"0","0"
"Mauritania",2009,0,"0",0,0,"0",3322616,"West Africa",0,0,"0","0"
"Mauritania",2010,0,"0",0,0,"0",3419461,"West Africa",0,0,"0","0"
"Mauritania",2011,46,"3",6.52,43,"93.48",3524249,"West Africa",1,0.0013,"0.0697","0.0698"
"Mauritania",2012,0,"0",0,0,"0",3636113,"West Africa",0,0,"0","0"
"Mauritania",2013,0,"0",0,0,"0",3742959,"West Africa",0,0,"0","0"
"Mauritania",2014,0,"0",0,0,"0",3843174,"West Africa",0,0,"0","0"
"Mauritania",2015,0,"0",0,0,"0",3946220,"West Africa",0,0,"0","0"
"Mauritania",2016,0,"0",0,0,"0",4051890,"West Africa",0,0,"0","0"
"Mauritania",2017,0,"0",0,0,"0",4160015,"West Africa",0,0,"0","0"
"Mauritania",2018,0,"0",0,0,"0",4270712,"West Africa",0,0,"0","0"
"Mauritania",2019,0,"0",0,0,"0",4383849,"West Africa",0,0,"0","0"
"Mauritania",2020,0,"0",0,0,"0",4498604,"West Africa",0,0,"0","0"
"Mauritania",2021,0,"0",0,0,"0",4614974,"West Africa",0,0,"0","0"
"Mauritania",2022,0,"0",0,0,"0",4736139,"West Africa",0,0,"0","0"
"Mauritania",2023,0,"0",0,0,"0",4862989,"West Africa",0,0,"0","0"
"Mozambique",2000,17649,"238",1.35,17411,"98.65",17768505,"South Africa",99,0.0993,"0.0137","0.0137"
"Mozambique",2001,8794,"102",1.16,8692,"98.84",18220716,"South Africa",48,0.0483,"0.0117","0.0117"
"Mozambique",2002,24375,"342",1.4,24033,"98.6",18694946,"South Africa",130,0.1304,"0.0142","0.0142"
"Mozambique",2003,13758,"102",0.74,13656,"99.26",19186754,"South Africa",72,0.0717,"0.0075","0.0075"
"Mozambique",2004,20080,"110",0.55,19970,"99.45",19694411,"South Africa",102,0.102,"0.0055","0.0055"
"Mozambique",2005,2226,"24",1.08,2202,"98.92",20211114,"South Africa",11,0.011,"0.0109","0.0109"
"Mozambique",2006,6306,"29",0.46,6277,"99.54",20735982,"South Africa",30,0.0304,"0.0046","0.0046"
"Mozambique",2007,2622,"22",0.84,2600,"99.16",21280513,"South Africa",12,0.0123,"0.0085","0.0085"
"Mozambique",2008,9087,"102",1.12,8985,"98.88",21845571,"South Africa",42,0.0416,"0.0113","0.0114"
"Mozambique",2009,19679,"155",0.79,19524,"99.21",22436660,"South Africa",88,0.0877,"0.008","0.0079"
"Mozambique",2010,7430,"117",1.57,7313,"98.43",23073723,"South Africa",32,0.0322,"0.016","0.016"
"Mozambique",2011,1279,"5",0.39,1274,"99.61",23760421,"South Africa",5,0.0054,"0.0039","0.0039"
"Mozambique",2012,647,"7",1.08,640,"98.92",24487611,"South Africa",3,0.0026,"0.0109","0.0109"
"Mozambique",2013,1869,"19",1.02,1850,"98.98",25251731,"South Africa",7,0.0074,"0.0103","0.0103"
"Mozambique",2014,480,"1",0.21,479,"99.79",26038704,"South Africa",2,0.0018,"0.0021","0.0021"
"Mozambique",2015,8739,"64",0.7,8675,"99.27",26843246,"South Africa",33,0.0326,"0.0071","0.0074"
"Mozambique",2016,883,"2",0.23,881,"99.77",27696493,"South Africa",3,0.0032,"0.0023","0.0023"
"Mozambique",2017,5892,"10",0.17,5882,"99.83",28569441,"South Africa",21,0.0206,"0.0017","0.0017"
"Mozambique",2018,910,"0",0,910,"100",29423878,"South Africa",3,0.0031,"0","0"
"Mozambique",2019,7010,"8",0.11,7002,"99.89",30285595,"South Africa",23,0.0231,"0.0011","0.0011"
"Mozambique",2020,3787,"4",0.11,3783,"99.89",31178239,"South Africa",12,0.0121,"0.0011","0.0011"
"Mozambique",2021,5072,"21",0.41,5051,"99.59",32077072,"South Africa",16,0.0158,"0.0041","0.0042"
"Mozambique",2022,0,"0",0,0,"0",32969518,"South Africa",0,0,"0","0"
"Mozambique",2023,0,"0",0,0,"0",33897354,"South Africa",0,0,"0","0"
"Niger",2000,225,"38",16.89,187,"83.11",10078000,"West Africa",2,0.0022,"0.2032","0.2032"
"Niger",2001,81,"1",1.23,80,"98.77",10460000,"West Africa",1,8e-04,"0.0125","0.0125"
"Niger",2002,236,"12",5.08,224,"94.92",10855000,"West Africa",2,0.0022,"0.0535","0.0536"
"Niger",2003,292,"11",3.77,281,"96.23",11265000,"West Africa",3,0.0026,"0.0392","0.0391"
"Niger",2004,2178,"57",2.62,2121,"97.38",11690000,"West Africa",19,0.0186,"0.0269","0.0269"
"Niger",2005,553,"55",9.95,498,"90.05",12129000,"West Africa",5,0.0046,"0.1105","0.1104"
"Niger",2006,1232,"81",6.57,1151,"93.43",12585000,"West Africa",10,0.0098,"0.0703","0.0704"
"Niger",2007,24,"2",8.33,22,"91.67",13057000,"West Africa",0,2e-04,"0.0909","0.0909"
"Niger",2008,972,"70",7.2,902,"92.8",13546000,"West Africa",7,0.0072,"0.0776","0.0776"
"Niger",2009,0,"0",0,0,"0",14052000,"West Africa",0,0,"0","0"
"Niger",2010,1154,"66",5.72,1088,"94.28",14052000,"West Africa",8,0.0082,"0.0607","0.0607"
"Niger",2011,2324,"60",2.53,2264,"97.42",15305000,"West Africa",15,0.0152,"0.026","0.0265"
"Niger",2012,5284,"110",2.08,5174,"97.92",15945000,"West Africa",33,0.0331,"0.0212","0.0213"
"Niger",2013,585,"13",2.22,572,"97.78",16613000,"West Africa",4,0.0035,"0.0227","0.0227"
"Niger",2014,2059,"80",3.89,1979,"96.11",17309000,"West Africa",12,0.0119,"0.0405","0.0404"
"Niger",2015,51,"4",7.8,47,"92.16",18035000,"West Africa",0,3e-04,"0.0846","0.0851"
"Niger",2016,38,"6",15.79,32,"84.21",18792000,"West Africa",0,2e-04,"0.1875","0.1875"
"Niger",2017,0,"0",0,0,"0",19580000,"West Africa",0,0,"0","0"
"Niger",2018,3900,"78",2,3822,"98",20401000,"West Africa",19,0.0191,"0.0204","0.0204"
"Niger",2019,0,"0",0,0,"0",21255000,"West Africa",0,0,"0","0"
"Niger",2020,0,"0",0,0,"0",22144000,"West Africa",0,0,"0","0"
"Niger",2021,0,"0",0,0,"0",23068000,"West Africa",0,0,"0","0"
"Niger",2022,0,"0",0,0,"0",24028000,"West Africa",0,0,"0","0"
"Niger",2023,0,"0",0,0,"0",25025000,"West Africa",0,0,"0","0"
"Nigeria",2000,2799,"43",1.54,2756,"98.46",122851983,"West Africa",2,0.0023,"0.0156","0.0156"
"Nigeria",2001,2312,"119",5.15,2193,"94.85",126152678,"West Africa",2,0.0018,"0.0543","0.0543"
"Nigeria",2002,5429,"154",2.84,5275,"97.16",129583025,"West Africa",4,0.0042,"0.0292","0.0292"
"Nigeria",2003,1933,"87",4.5,1846,"95.5",133119800,"West Africa",1,0.0015,"0.0471","0.0471"
"Nigeria",2004,3186,"185",5.81,3001,"94.19",136756847,"West Africa",2,0.0023,"0.0617","0.0616"
"Nigeria",2005,4477,"174",3.89,4303,"96.11",140490722,"West Africa",3,0.0032,"0.0405","0.0404"
"Nigeria",2006,2028,"127",6.26,1901,"93.74",144329764,"West Africa",1,0.0014,"0.0668","0.0668"
"Nigeria",2007,1661,"48",2.89,1613,"97.11",144329764,"West Africa",1,0.0012,"0.0298","0.0298"
"Nigeria",2008,5410,"247",4.57,5163,"95.43",152382505,"West Africa",4,0.0036,"0.0479","0.0478"
"Nigeria",2009,13691,"431",3.15,13260,"96.85",156595757,"West Africa",9,0.0087,"0.0325","0.0325"
"Nigeria",2010,44456,"1712",3.85,42744,"96.15",160952853,"West Africa",28,0.0276,"0.04","0.0401"
"Nigeria",2011,23377,"742",3.17,22635,"96.83",165463745,"West Africa",14,0.0141,"0.0327","0.0328"
"Nigeria",2012,597,"18",3.02,579,"96.98",170075931,"West Africa",0,4e-04,"0.0311","0.0311"
"Nigeria",2013,6600,"229",3.47,6371,"96.53",174726123,"West Africa",4,0.0038,"0.0359","0.0359"
"Nigeria",2014,35996,"755",2.1,35241,"97.9",179379016,"West Africa",20,0.0201,"0.0215","0.0214"
"Nigeria",2015,5290,"186",3.5,5104,"96.48",183995785,"West Africa",3,0.0029,"0.0363","0.0364"
"Nigeria",2016,768,"32",4.17,736,"95.83",188666930,"West Africa",0,4e-04,"0.0435","0.0435"
"Nigeria",2017,12174,"288",2.37,11886,"97.63",193495906,"West Africa",6,0.0063,"0.0243","0.0242"
"Nigeria",2018,45037,"836",1.86,44201,"98.14",198387623,"West Africa",23,0.0227,"0.019","0.0189"
"Nigeria",2019,2486,"43",1.73,2443,"98.27",203304491,"West Africa",1,0.0012,"0.0176","0.0176"
"Nigeria",2020,596,"47",7.89,549,"92.11",208327405,"West Africa",0,3e-04,"0.0857","0.0856"
"Nigeria",2021,111062,"3604",3.25,107458,"18",213401322,"West Africa",52,0.052,"0.1806","0.0335"
"Nigeria",2022,14000,"303",2.5,13697,"97.84",218541212,"West Africa",6,0.0064,"0.0256","0.0221"
"Nigeria",2023,922,"32",2.5,890,"96.53",223804632,"West Africa",0,4e-04,"0.0259","0.036"
"REPUBLIC OF CONGO",2000,9,"2",22.22,7,"77.77",3134030,"Central Africa",0,3e-04,"0.2857","0.2857"
"REPUBLIC OF CONGO",2001,0,"0",0,0,"0",3254101,"Central Africa",0,0,"0","0"
"REPUBLIC OF CONGO",2002,0,"0",0,0,"0",3331158,"Central Africa",0,0,"0","0"
"REPUBLIC OF CONGO",2003,0,"0",0,0,"0",3424653,"Central Africa",0,0,"0","0"
"REPUBLIC OF CONGO",2004,0,"0",0,0,"0",3543012,"Central Africa",0,0,"0","0"
"REPUBLIC OF CONGO",2005,0,"0",0,0,"0",3672839,"Central Africa",0,0,"0","0"
"REPUBLIC OF CONGO",2006,175,"10",5.71,165,"94.28",3813323,"Central Africa",5,0.0046,"0.0606","0.0606"
"REPUBLIC OF CONGO",2007,7785,"133",1.71,7652,"98.29",3956329,"Central Africa",197,0.1968,"0.0174","0.0174"
"REPUBLIC OF CONGO",2008,156,"4",2.56,152,"97.43",4089602,"Central Africa",4,0.0038,"0.0263","0.0263"
"REPUBLIC OF CONGO",2009,0,"0",0,0,"0",4257230,"Central Africa",0,0,"0","0"
"REPUBLIC OF CONGO",2010,0,"0",0,0,"0",4437884,"Central Africa",0,0,"0","0"
"REPUBLIC OF CONGO",2011,181,"6",3,175,"96.6",4584216,"Central Africa",4,0.0039,"0.0311","0.0343"
"REPUBLIC OF CONGO",2012,1181,"0",3.13,1181,"100",4713257,"Central Africa",25,0.0251,"0.0313","0"
"REPUBLIC OF CONGO",2013,1624,"37",13.61,1587,"97.72",4828066,"Central Africa",34,0.0336,"0.1393","0.0233"
"REPUBLIC OF CONGO",2014,0,"0",0,0,"0",4944861,"Central Africa",0,0,"0","0"
"REPUBLIC OF CONGO",2015,0,"0",0,0,"0",5064386,"Central Africa",0,0,"0","0"
"REPUBLIC OF CONGO",2016,15,"2",13.33,13,"86.66",5186824,"Central Africa",0,3e-04,"0.1538","0.1538"
"REPUBLIC OF CONGO",2017,0,"0",0,0,"0",5312340,"Central Africa",0,0,"0","0"
"REPUBLIC OF CONGO",2018,60,"3",5,57,"95",5441062,"Central Africa",1,0.0011,"0.0526","0.0526"
"REPUBLIC OF CONGO",2019,0,"0",0,0,"0",5570733,"Central Africa",0,0,"0","0"
"REPUBLIC OF CONGO",2020,0,"0",0,0,"0",5702174,"Central Africa",0,0,"0","0"
"REPUBLIC OF CONGO",2021,0,"0",0,0,"0",5835806,"Central Africa",0,0,"0","0"
"REPUBLIC OF CONGO",2022,0,"0",0,0,"0",5970424,"Central Africa",0,0,"0","0"
"REPUBLIC OF CONGO",2023,0,"0",0,0,"0",6106869,"Central Africa",0,0,"0","0"
"Rwanda",2000,1235,"8",0.65,1227,"99.35",8109989,"East Africa",15,0.0152,"0.0065","0.0065"
"Rwanda",2001,157,"2",1.27,155,"98.73",8223941,"East Africa",2,0.0019,"0.0129","0.0129"
"Rwanda",2002,0,"0",0,0,"0",8372306,"East Africa",0,0,"0","0"
"Rwanda",2003,12,"0",0,12,"100",8567992,"East Africa",0,1e-04,"0","0"
"Rwanda",2004,586,"0",0,586,"100",8791853,"East Africa",7,0.0067,"0","0"
"Rwanda",2005,89,"0",0,89,"100",9026299,"East Africa",1,0.001,"0","0"
"Rwanda",2006,405,"21",5.19,384,"94.81",9270066,"East Africa",4,0.0044,"0.0547","0.0547"
"Rwanda",2007,1453,"21",1.45,1432,"98.55",9523168,"East Africa",15,0.0153,"0.0147","0.0147"
"Rwanda",2008,23,"0",0,23,"100",9781996,"East Africa",0,2e-04,"0","0"
"Rwanda",2009,67,"0",0,67,"100",10043737,"East Africa",1,7e-04,"0","0"
"Rwanda",2010,0,"0",0,0,"0",10309031,"East Africa",0,0,"0","0"
"Rwanda",2011,0,"0",0,0,"0",10576932,"East Africa",0,0,"0","0"
"Rwanda",2012,0,"0",0,0,"0",10840334,"East Africa",0,0,"0","0"
"Rwanda",2013,0,"0",0,0,"0",11101350,"East Africa",0,0,"0","0"
"Rwanda",2014,0,"0",0,0,"0",11368451,"East Africa",0,0,"0","0"
"Rwanda",2015,0,"0",0,0,"0",11642959,"East Africa",0,0,"0","0"
"Rwanda",2016,355,"0",0,355,"0",11930899,"East Africa",3,0.003,"0","0"
"Rwanda",2017,0,"0",0,0,"0",12230339,"East Africa",0,0,"0","0"
"Rwanda",2018,0,"0",0,0,"0",12531808,"East Africa",0,0,"0","0"
"Rwanda",2019,0,"0",0,0,"0",12835028,"East Africa",0,0,"0","0"
"Rwanda",2020,0,"0",0,0,"0",13146362,"East Africa",0,0,"0","0"
"Rwanda",2021,74,"0",0,74,"0",13461888,"East Africa",1,5e-04,"0","0"
"Rwanda",2022,0,"0",0,0,"0",13776698,"East Africa",0,0,"0","0"
"Rwanda",2023,0,"0",0,0,"0",14094683,"East Africa",0,0,"0","0"
"Sao tome",2000,0,"0",0,0,"0",143714,"Central Africa",0,0,"0","0"
"Sao tome",2001,0,"0",0,0,"0",146258,"Central Africa",0,0,"0","0"
"Sao tome",2002,0,"0",0,0,"0",149841,"Central Africa",0,0,"0","0"
"Sao tome",2003,0,"0",0,0,"0",153762,"Central Africa",0,0,"0","0"
"Sao tome",2004,0,"0",0,0,"0",157691,"Central Africa",0,0,"0","0"
"Sao tome",2005,1966,"33",1.67,1933,"93.33",161680,"Central Africa",1216,1.216,"0.0179","0.0171"
"Sao tome",2006,926,"9",0.97,917,"99.03",165725,"Central Africa",559,0.5588,"0.0098","0.0098"
"Sao tome",2007,90,"0",0,90,"100",169845,"Central Africa",53,0.053,"0","0"
"Sao tome",2008,119,"4",3.36,115,"96.64",174004,"Central Africa",68,0.0684,"0.0348","0.0348"
"Sao tome",2009,0,"0",0,0,"0",178128,"Central Africa",0,0,"0","0"
"Sao tome",2010,0,"0",0,0,"0",182138,"Central Africa",0,0,"0","0"
"Sao tome",2011,0,"0",0,0,"0",186044,"Central Africa",0,0,"0","0"
"Sao tome",2012,0,"0",0,0,"0",189924,"Central Africa",0,0,"0","0"
"Sao tome",2013,0,"0",0,0,"0",193757,"Central Africa",0,0,"0","0"
"Sao tome",2014,0,"0",0,0,"0",197497,"Central Africa",0,0,"0","0"
"Sao tome",2015,0,"0",0,0,"0",201124,"Central Africa",0,0,"0","0"
"Sao tome",2016,0,"0",0,0,"0",204632,"Central Africa",0,0,"0","0"
"Sao tome",2017,0,"0",0,0,"0",208036,"Central Africa",0,0,"0","0"
"Sao tome",2018,0,"0",0,0,"0",211344,"Central Africa",0,0,"0","0"
"Sao tome",2019,0,"0",0,0,"0",214599,"Central Africa",0,0,"0","0"
"Sao tome",2020,0,"0",0,0,"0",218641,"Central Africa",0,0,"0","0"
"Sao tome",2021,0,"0",0,0,"0",223107,"Central Africa",0,0,"0","0"
"Sao tome",2022,271,"0",0,271,"100",227380,"Central Africa",119,0.1192,"0","0"
"Sao tome",2023,190,"17",8.95,173,"91.05",231856,"Central Africa",82,0.0819,"0.0983","0.0983"
"Senegal",2000,0,"0",0,0,"0",9858482,"West Africa",0,0,"0","0"
"Senegal",2001,0,"0",0,0,"0",10121000,"West Africa",0,0,"0","0"
"Senegal",2002,0,"0",0,0,"0",10393000,"West Africa",0,0,"0","0"
"Senegal",2003,0,"0",0,0,"0",10673000,"West Africa",0,0,"0","0"
"Senegal",2004,1227,"10",1,1217,"99.19",10963000,"West Africa",11,0.0112,"0.0101","0.0082"
"Senegal",2005,31719,"480",0,31239,"98.49",11570000,"West Africa",274,0.2741,"0","0.0154"
"Senegal",2006,365,"10",2.74,355,"97.26",11887000,"West Africa",3,0.0031,"0.0282","0.0282"
"Senegal",2007,3984,"24",0.6,3960,"99.4",12214000,"West Africa",33,0.0326,"0.006","0.0061"
"Senegal",2008,1283,"20",1.56,1263,"98.44",12551000,"West Africa",10,0.0102,"0.0158","0.0158"
"Senegal",2009,4,"0",0,4,"100",12898000,"West Africa",0,0,"0","0"
"Senegal",2010,3,"0",0,3,"100",13254000,"West Africa",0,0,"0","0"
"Senegal",2011,5,"0",0,5,"100",13621000,"West Africa",0,0,"0","0"
"Senegal",2012,1,"0",0,1,"100",13508715,"West Africa",0,0,"0","0"
"Senegal",2013,0,"0",0,0,"0",14369000,"West Africa",0,0,"0","0"
"Senegal",2014,0,"0",0,0,"0",14757000,"West Africa",0,0,"0","0"
"Senegal",2015,0,"0",0,0,"0",15157000,"West Africa",0,0,"0","0"
"Senegal",2016,0,"0",0,0,"0",15569000,"West Africa",0,0,"0","0"
"Senegal",2017,0,"0",0,0,"0",15994000,"West Africa",0,0,"0","0"
"Senegal",2018,0,"0",0,0,"0",16432000,"West Africa",0,0,"0","0"
"Senegal",2019,0,"0",0,0,"0",16882000,"West Africa",0,0,"0","0"
"Senegal",2020,0,"0",0,0,"0",17345000,"West Africa",0,0,"0","0"
"Senegal",2021,0,"0",0,0,"0",17820000,"West Africa",0,0,"0","0"
"Senegal",2022,0,"0",0,0,"0",17945000,"West Africa",0,0,"0","0"
"Senegal",2023,0,"0",0,0,"0",18308000,"West Africa",0,0,"0","0"
"seychelles",2000,0,"0",0,0,"0",80060,"East Africa",0,0,"0","0"
"seychelles",2001,0,"0",0,0,"0",81262,"East Africa",0,0,"0","0"
"seychelles",2002,0,"0",0,0,"0",82433,"East Africa",0,0,"0","0"
"seychelles",2003,0,"0",0,0,"0",83592,"East Africa",0,0,"0","0"
"seychelles",2004,0,"0",0,0,"0",84715,"East Africa",0,0,"0","0"
"seychelles",2005,0,"0",0,0,"0",85883,"East Africa",0,0,"0","0"
"seychelles",2006,0,"0",0,0,"0",87093,"East Africa",0,0,"0","0"
"seychelles",2007,178,"1",0,177,"99.44",88325,"East Africa",202,0.2015,"0","0.0056"
"seychelles",2008,0,"0",0,0,"0",89644,"East Africa",0,0,"0","0"
"seychelles",2009,0,"0",0,0,"0",91030,"East Africa",0,0,"0","0"
"seychelles",2010,0,"0",0,0,"0",92409,"East Africa",0,0,"0","0"
"seychelles",2011,0,"0",0,0,"0",93827,"East Africa",0,0,"0","0"
"seychelles",2012,0,"0",0,0,"0",95309,"East Africa",0,0,"0","0"
"seychelles",2013,0,"0",0,0,"0",96714,"East Africa",0,0,"0","0"
"seychelles",2014,0,"0",0,0,"0",98001,"East Africa",0,0,"0","0"
"seychelles",2015,0,"0",0,0,"0",99240,"East Africa",0,0,"0","0"
"seychelles",2016,0,"0",0,0,"0",100508,"East Africa",0,0,"0","0"
"seychelles",2017,0,"0",0,0,"0",101811,"East Africa",0,0,"0","0"
"seychelles",2018,0,"0",0,0,"0",103101,"East Africa",0,0,"0","0"
"seychelles",2019,0,"0",0,0,"0",104373,"East Africa",0,0,"0","0"
"seychelles",2020,0,"0",0,0,"0",105530,"East Africa",0,0,"0","0"
"seychelles",2021,0,"0",0,0,"0",106471,"East Africa",0,0,"0","0"
"seychelles",2022,0,"0",0,0,"0",107118,"East Africa",0,0,"0","0"
"seychelles",2023,0,"0",0,0,"0",107660,"East Africa",0,0,"0","0"
"Sierra Leone",2000,0,"0",0,0,"0",4627000,"West Africa",0,0,"0","0"
"Sierra Leone",2001,0,"0",0,0,"0",4752000,"West Africa",0,0,"0","0"
"Sierra Leone",2002,0,"0",0,0,"0",4880000,"West Africa",0,0,"0","0"
"Sierra Leone",2003,0,"0",0,0,"0",5010000,"West Africa",0,0,"0","0"
"Sierra Leone",2004,513,"42",8.19,471,"91.81",5010000,"West Africa",10,0.0102,"0.0892","0.0892"
"Sierra Leone",2005,6,"0",0,6,"100",4976871,"West Africa",0,1e-04,"0","0"
"Sierra Leone",2006,2560,"99",8.19,2461,"96.13",5410000,"West Africa",47,0.0473,"0.0852","0.0402"
"Sierra Leone",2007,2219,"84",3.79,2135,"96.21",5552000,"West Africa",40,0.04,"0.0394","0.0393"
"Sierra Leone",2008,62,"1",1.61,61,"98.39",5845000,"West Africa",1,0.0011,"0.0164","0.0164"
"Sierra Leone",2009,0,"0",0,0,"0",5997000,"West Africa",0,0,"0","0"
"Sierra Leone",2010,0,"0",0,0,"0",6153000,"West Africa",0,0,"0","0"
"Sierra Leone",2011,0,"0",0,0,"0",6312000,"West Africa",0,0,"0","0"
"Sierra Leone",2012,23124,"299",1.29,22825,"98.71",6475000,"West Africa",357,0.3571,"0.0131","0.0131"
"Sierra Leone",2013,0,"0",0,0,"0",6641000,"West Africa",0,0,"0","0"
"Sierra Leone",2014,0,"0",0,0,"0",6811000,"West Africa",0,0,"0","0"
"Sierra Leone",2015,0,"0",0,0,"0",7092113,"West Africa",0,0,"0","0"
"Sierra Leone",2016,0,"0",0,0,"0",7157000,"West Africa",0,0,"0","0"
"Sierra Leone",2017,0,"0",0,0,"0",7336000,"West Africa",0,0,"0","0"
"Sierra Leone",2018,0,"0",0,0,"0",7519000,"West Africa",0,0,"0","0"
"Sierra Leone",2019,0,"0",0,0,"0",7706000,"West Africa",0,0,"0","0"
"Sierra Leone",2020,0,"0",0,0,"0",7898000,"West Africa",0,0,"0","0"
"Sierra Leone",2021,0,"0",0,0,"0",8095000,"West Africa",0,0,"0","0"
"Sierra Leone",2022,0,"0",0,0,"0",8296000,"West Africa",0,0,"0","0"
"Sierra Leone",2023,0,"0",0,0,"0",8502000,"West Africa",0,0,"0","0"
"somalia",2000,7496,"563",7.51,6933,"92.49",6745000,"East Africa",111,0.1111,"0.0812","0.0812"
"somalia",2001,2567,"93",3.62,2474,"96.38",6924000,"East Africa",37,0.0371,"0.0376","0.0376"
"somalia",2002,2775,"159",5.73,2616,"94.27",7115000,"East Africa",39,0.039,"0.0608","0.0608"
"somalia",2003,11020,"56",0.51,10964,"99.49",7317000,"East Africa",151,0.1506,"0.0051","0.0051"
"somalia",2004,4490,"26",0.58,4464,"99.42",7530000,"East Africa",60,0.0596,"0.0058","0.0058"
"somalia",2005,0,"0",0,0,"0",7754000,"East Africa",0,0,"0","0"
"somalia",2006,0,"0",0,0,"0",7989000,"East Africa",0,0,"0","0"
"somalia",2007,41643,"1182",2.84,40461,"97.16",8237000,"East Africa",506,0.5056,"0.0292","0.0292"
"somalia",2008,1281,"16",1.25,1265,"98.75",8496000,"East Africa",15,0.0151,"0.0127","0.0126"
"somalia",2009,208,"3",1.44,205,"98.56",8767000,"East Africa",2,0.0024,"0.0146","0.0146"
"somalia",2010,3510,"103",2.93,3407,"97.07",9050000,"East Africa",39,0.0388,"0.0302","0.0302"
"somalia",2011,77636,"1130",1.46,76506,"98.54",9345000,"East Africa",831,0.8308,"0.0148","0.0148"
"somalia",2012,22576,"200",0.89,22376,"99.11",9652000,"East Africa",234,0.2339,"0.009","0.0089"
"somalia",2013,6864,"140",2.04,6724,"97.96",9972000,"East Africa",69,0.0688,"0.0208","0.0208"
"somalia",2014,2820,"0",0,2820,"100",10305000,"East Africa",27,0.0274,"0","0"
"somalia",2015,7536,"84",1.1,7452,"98.89",10650000,"East Africa",71,0.0708,"0.0111","0.0113"
"somalia",2016,15619,"548",3.51,15071,"98.67",11008000,"East Africa",142,0.1419,"0.0356","0.0364"
"somalia",2017,75414,"1004",1.33,74410,"0",11378000,"East Africa",663,0.6628,"0","0.0135"
"somalia",2018,6761,"45",0.67,6716,"99.33",11762000,"East Africa",57,0.0575,"0.0067","0.0067"
"somalia",2019,3100,"4",0.13,3096,"99.87",12159000,"East Africa",25,0.0255,"0.0013","0.0013"
"somalia",2020,6414,"44",0.69,6370,"99.31",12569000,"East Africa",51,0.051,"0.0069","0.0069"
"somalia",2021,4342,"32",0.74,4310,"99.26",12993000,"East Africa",33,0.0334,"0.0075","0.0074"
"somalia",2022,0,"0",0,0,"0",13429000,"East Africa",0,0,"0","0"
"somalia",2023,0,"0",0,0,"0",13878000,"East Africa",0,0,"0","0"
"South africa",2000,19667,"68",0,19599,"99.6",46813266,"South Africa",42,0.042,"0","0.0035"
"South africa",2001,106159,"232",0,105927,"99.7",47229714,"South Africa",225,0.2248,"0","0.0022"
"South africa",2002,10004,"32",0,9972,"99.7",47661514,"South Africa",21,0.021,"0","0.0032"
"South africa",2003,3901,"45",1,3856,"98.8",48104048,"South Africa",8,0.0081,"0.0101","0.0117"
"South africa",2004,2767,"35",1,2732,"98.7",48556071,"South Africa",6,0.0057,"0.0101","0.0128"
"South africa",2005,3503,"28",1,3475,"99.2",49017147,"South Africa",7,0.0071,"0.0101","0.0081"
"South africa",2006,0,"0",0,0,"0",49491756,"South Africa",0,0,"0","0"
"South africa",2007,0,"0",0,0,"0",49996094,"South Africa",0,0,"0","0"
"South africa",2008,3907,"22",1,3885,"99.4",50565812,"South Africa",8,0.0077,"0.0101","0.0057"
"South africa",2009,10520,"57",1,10463,"99.5",51170779,"South Africa",21,0.0206,"0.0101","0.0054"
"South africa",2010,0,"0",0,0,"0",51784921,"South Africa",0,0,"0","0"
"South africa",2011,0,"0",0,0,"0",52443325,"South Africa",0,0,"0","0"
"South africa",2012,0,"0",0,0,"0",53145033,"South Africa",0,0,"0","0"
"South africa",2013,1,"0",0,0,"0",53873616,"South Africa",0,0,"0","0"
"South africa",2014,0,"0",0,0,"0",54729551,"South Africa",0,0,"0","0"
"South africa",2015,0,"0",0,0,"0",55876504,"South Africa",0,0,"0","0"
"South africa",2016,0,"0",0,0,"0",56422274,"South Africa",0,0,"0","0"
"South africa",2017,0,"0",0,0,"0",56641209,"South Africa",0,0,"0","0"
"South africa",2018,0,"0",0,0,"0",57339635,"South Africa",0,0,"0","0"
"South africa",2019,0,"0",0,0,"0",58087055,"South Africa",0,0,"0","0"
"South africa",2020,0,"0",0,0,"0",58801927,"South Africa",0,0,"0","0"
"South africa",2021,0,"0",0,0,"0",59392255,"South Africa",0,0,"0","0"
"South africa",2022,0,"0",0,0,"0",59893885,"South Africa",0,0,"0","0"
"South africa",2023,3749,"40",1,3709,"98.9",60414495,"South Africa",6,0.0062,"0.0101","0.0108"
"south sudan",2000,0,"0",0,0,"0",7523000,"East Africa",0,0,"0","0"
"south sudan",2001,0,"0",0,0,"0",7708000,"East Africa",0,0,"0","0"
"south sudan",2002,0,"0",0,0,"0",7895000,"East Africa",0,0,"0","0"
"south sudan",2003,0,"0",0,0,"0",8087000,"East Africa",0,0,"0","0"
"south sudan",2004,0,"0",0,0,"0",8284000,"East Africa",0,0,"0","0"
"south sudan",2005,0,"0",0,0,"0",8486000,"East Africa",0,0,"0","0"
"south sudan",2006,0,"0",0,0,"0",8693000,"East Africa",0,0,"0","0"
"south sudan",2007,0,"0",0,0,"0",8905000,"East Africa",0,0,"0","0"
"south sudan",2008,0,"0",0,0,"0",9122000,"East Africa",0,0,"0","0"
"south sudan",2009,0,"0",0,0,"0",9344000,"East Africa",0,0,"0","0"
"south sudan",2010,0,"0",0,0,"0",9571000,"East Africa",0,0,"0","0"
"south sudan",2011,0,"0",0,0,"0",9803000,"East Africa",0,0,"0","0"
"south sudan",2012,0,"0",0,0,"0",10040000,"East Africa",0,0,"0","0"
"south sudan",2013,0,"0",0,0,"0",10283000,"East Africa",0,0,"0","0"
"south sudan",2014,6421,"0",2.6,6421,"100",10530000,"East Africa",61,0.061,"0.026","0"
"south sudan",2015,1818,"47",2.6,1771,"97.41",10782000,"East Africa",17,0.0169,"0.0267","0.0265"
"south sudan",2016,4295,"82",1.91,4213,"98.09",11038000,"East Africa",39,0.0389,"0.0195","0.0195"
"south sudan",2017,16088,"353",2.19,15735,"97.81",11299000,"East Africa",142,0.1424,"0.0224","0.0224"
"south sudan",2018,0,"0",0,0,"0",11564000,"East Africa",0,0,"0","0"
"south sudan",2019,0,"0",0,0,"0",11834000,"East Africa",0,0,"0","0"
"south sudan",2020,0,"0",0,0,"0",12108000,"East Africa",0,0,"0","0"
"south sudan",2021,0,"0",0,0,"0",12386000,"East Africa",0,0,"0","0"
"south sudan",2022,0,"0",0,0,"0",12669000,"East Africa",0,0,"0","0"
"south sudan",2023,0,"0",0,0,"0",12957000,"East Africa",0,0,"0","0"
"Tanzania",2000,4637,"156",3.36,4481,"96.64",34463704,"East Africa",13,0.0135,"0.0348","0.0348"
"Tanzania",2001,1300,"52",4,1248,"96",35313889,"East Africa",4,0.0037,"0.0417","0.0417"
"Tanzania",2002,11920,"297",2.49,11623,"97.51",36186782,"East Africa",33,0.0329,"0.0255","0.0256"
"Tanzania",2003,710,"32",4.51,678,"95.49",37083281,"East Africa",2,0.0019,"0.0472","0.0472"
"Tanzania",2004,10319,"272",2.64,10047,"97.36",38004305,"East Africa",27,0.0272,"0.0271","0.0271"
"Tanzania",2005,2945,"94",3.19,2851,"96.81",38950797,"East Africa",8,0.0076,"0.033","0.033"
"Tanzania",2006,14297,"254",1.78,14043,"98.22",39923716,"East Africa",36,0.0358,"0.0181","0.0181"
"Tanzania",2007,1609,"65",4.04,1544,"95.96",40923037,"East Africa",4,0.0039,"0.0421","0.0421"
"Tanzania",2008,2911,"88",3.02,2823,"96.98",41949748,"East Africa",7,0.0069,"0.0311","0.0312"
"Tanzania",2009,7700,"113",1.47,7587,"98.53",43004858,"East Africa",18,0.0179,"0.0149","0.0149"
"Tanzania",2010,4469,"59",1.32,4410,"98.68",44089404,"East Africa",10,0.0101,"0.0134","0.0134"
"Tanzania",2011,942,"11",1.17,931,"98.83",45204441,"East Africa",2,0.0021,"0.0118","0.0118"
"Tanzania",2012,286,"17",1.4,269,"94.06",46351036,"East Africa",1,6e-04,"0.0149","0.0632"
"Tanzania",2013,270,"0",6.3,270,"100",47530278,"East Africa",1,6e-04,"0.063","0"
"Tanzania",2014,0,"0",0,0,"0",48743276,"East Africa",0,0,"0","0"
"Tanzania",2015,11563,"144",1.2,11419,"98.75",49991165,"East Africa",23,0.0231,"0.0122","0.0126"
"Tanzania",2016,11360,"172",1.51,11188,"98.49",51275098,"East Africa",22,0.0222,"0.0153","0.0154"
"Tanzania",2017,4895,"99",2.02,4796,"97.98",52596251,"East Africa",9,0.0093,"0.0206","0.0206"
"Tanzania",2018,4777,"84",1.76,4693,"98.24",53955830,"East Africa",9,0.0089,"0.0179","0.0179"
"Tanzania",2019,0,"0",0,0,"0",55355068,"East Africa",0,0,"0","0"
"Tanzania",2020,0,"0",0,0,"0",56795226,"East Africa",0,0,"0","0"
"Tanzania",2021,54,"0",0,54,"100",58277592,"East Africa",0,1e-04,"0","0"
"Tanzania",2022,0,"0",0,0,"0",59803487,"East Africa",0,0,"0","0"
"Tanzania",2023,0,"0",0,0,"0",61374262,"East Africa",0,0,"0","0"
"Togo",2000,338,"23",0.76,315,"93.2",4572000,"West Africa",7,0.0074,"0.0082","0.073"
"Togo",2001,2551,"130",5.1,2421,"94.9",4687000,"West Africa",54,0.0544,"0.0537","0.0537"
"Togo",2002,257,"28",5.45,229,"89.11",4803000,"West Africa",5,0.0054,"0.0612","0.1223"
"Togo",2003,384,"33",7.29,351,"91.41",4922000,"West Africa",8,0.0078,"0.0798","0.094"
"Togo",2004,1080,"33",3.06,1047,"96.94",5043000,"West Africa",21,0.0214,"0.0316","0.0315"
"Togo",2005,1320,"15",1.14,1305,"98.86",5166000,"West Africa",26,0.0256,"0.0115","0.0115"
"Togo",2006,1159,"25",2.16,1134,"97.84",5291000,"West Africa",22,0.0219,"0.0221","0.022"
"Togo",2007,65,"1",1.54,64,"98.46",5418000,"West Africa",1,0.0012,"0.0156","0.0156"
"Togo",2008,397,"3",0.76,394,"99.24",5548000,"West Africa",7,0.0072,"0.0077","0.0076"
"Togo",2009,218,"1",0.46,217,"99.54",5680000,"West Africa",4,0.0038,"0.0046","0.0046"
"Togo",2010,72,"3",4.17,69,"95.83",6191155,"West Africa",1,0.0012,"0.0435","0.0435"
"Togo",2011,4,"0",0,4,"100",5950000,"West Africa",0,1e-04,"0","0"
"Togo",2012,61,"1",1.64,60,"98.36",6093000,"West Africa",1,0.001,"0.0167","0.0167"
"Togo",2013,166,"4",2.41,162,"97.59",6238000,"West Africa",3,0.0027,"0.0247","0.0247"
"Togo",2014,262,"11",4.2,251,"95.8",6386000,"West Africa",4,0.0041,"0.0438","0.0438"
"Togo",2015,35,"1",2.9,34,"97.14",6536000,"West Africa",1,5e-04,"0.0299","0.0294"
"Togo",2016,0,"0",0,0,"0",6689000,"West Africa",0,0,"0","0"
"Togo",2017,0,"0",0,0,"0",6844000,"West Africa",0,0,"0","0"
"Togo",2018,0,"0",0,0,"0",7002000,"West Africa",0,0,"0","0"
"Togo",2019,0,"0",0,0,"0",7163000,"West Africa",0,0,"0","0"
"Togo",2020,67,"2",3,65,"97.02",7326000,"West Africa",1,9e-04,"0.0309","0.0308"
"Togo",2021,0,"0",0,0,"0",7492000,"West Africa",0,0,"0","0"
"Togo",2022,0,"0",0,0,"0",7660000,"West Africa",0,0,"0","0"
"Togo",2023,0,"0",0,0,"0",7831000,"West Africa",0,0,"0","0"
"Uganda",2000,2807,"172",6,2635,"93.87",24020697,"East Africa",12,0.0117,"0.0639","0.0653"
"Uganda",2001,247,"4",2,243,"98.38",24763325,"East Africa",1,0.001,"0.0203","0.0165"
"Uganda",2002,2247,"133",6,2114,"94.08",25545090,"East Africa",9,0.0088,"0.0638","0.0629"
"Uganda",2003,4377,"129",3,4248,"97.05",26354736,"East Africa",17,0.0166,"0.0309","0.0304"
"Uganda",2004,3380,"91",3,3289,"97.3",27146084,"East Africa",12,0.0125,"0.0308","0.0277"
"Uganda",2005,4924,"98",2,4826,"98",27946588,"East Africa",18,0.0176,"0.0204","0.0203"
"Uganda",2006,5194,"106",2,5088,"97.95",28773227,"East Africa",18,0.0181,"0.0204","0.0208"
"Uganda",2007,276,"3",1,273,"98.9",29629804,"East Africa",1,9e-04,"0.0101","0.011"
"Uganda",2008,3726,"120",3,3606,"96.78",30509862,"East Africa",12,0.0122,"0.031","0.0333"
"Uganda",2009,1095,"23",2,1072,"97.9",31412520,"East Africa",3,0.0035,"0.0204","0.0215"
"Uganda",2010,2341,"78",3,2263,"96.6",32341728,"East Africa",7,0.0072,"0.0311","0.0345"
"Uganda",2011,0,"0",0,0,"0",33295738,"East Africa",0,0,"0","0"
"Uganda",2012,6326,"135",2,6191,"97.87",34273295,"East Africa",18,0.0185,"0.0204","0.0218"
"Uganda",2013,748,"27",4,721,"96.39",35273570,"East Africa",2,0.0021,"0.0415","0.0374"
"Uganda",2014,309,"9",3,300,"97.09",36336539,"East Africa",1,9e-04,"0.0309","0.03"
"Uganda",2015,1461,"33",2,1428,"97.74",37477356,"East Africa",4,0.0039,"0.0205","0.0231"
"Uganda",2016,516,"11",2,505,"97.87",38748299,"East Africa",1,0.0013,"0.0204","0.0218"
"Uganda",2017,252,"0",0,252,"100",40127085,"East Africa",1,6e-04,"0","0"
"Uganda",2018,4440,"90",2,4350,"97.97",41515395,"East Africa",11,0.0107,"0.0204","0.0207"
"Uganda",2019,358,"5",1,353,"98.6",42949080,"East Africa",1,8e-04,"0.0101","0.0142"
"Uganda",2020,1521,"18",1,1503,"98.82",44404611,"East Africa",3,0.0034,"0.0101","0.012"
"Uganda",2021,173,"0",0,173,"100",45853778,"East Africa",0,4e-04,"0","0"
"Uganda",2022,3673,"126",3,3547,"96.57",47249585,"East Africa",8,0.0078,"0.0311","0.0355"
"Uganda",2023,1898,"45",2,1853,"97.63",48582334,"East Africa",4,0.0039,"0.0205","0.0243"
"Uganda",2000,2807,"172",6,2635,"93.87",24020697,"East Africa",12,0.0117,"0.0639","0.0653"
"Uganda",2001,247,"4",2,243,"98.38",24763325,"East Africa",1,0.001,"0.0203","0.0165"
"Uganda",2002,2247,"133",6,2114,"94.08",25545090,"East Africa",9,0.0088,"0.0638","0.0629"
"Uganda",2003,4377,"129",3,4248,"97.05",26354736,"East Africa",17,0.0166,"0.0309","0.0304"
"Uganda",2004,3380,"91",3,3289,"97.3",27146084,"East Africa",12,0.0125,"0.0308","0.0277"
"Uganda",2005,4924,"98",2,4826,"98",27946588,"East Africa",18,0.0176,"0.0204","0.0203"
"Uganda",2006,5194,"106",2,5088,"97.95",28773227,"East Africa",18,0.0181,"0.0204","0.0208"
"Uganda",2007,276,"3",1,273,"98.9",29629804,"East Africa",1,9e-04,"0.0101","0.011"
"Uganda",2008,3726,"120",3,3606,"96.78",30509862,"East Africa",12,0.0122,"0.031","0.0333"
"Uganda",2009,1095,"23",2,1072,"97.9",31412520,"East Africa",3,0.0035,"0.0204","0.0215"
"Uganda",2010,2341,"78",3,2263,"96.6",32341728,"East Africa",7,0.0072,"0.0311","0.0345"
"Uganda",2011,0,"0",0,0,"0",33295738,"East Africa",0,0,"0","0"
"Uganda",2012,6326,"135",2,6191,"97.87",34273295,"East Africa",18,0.0185,"0.0204","0.0218"
"Uganda",2013,748,"27",4,721,"96.39",35273570,"East Africa",2,0.0021,"0.0415","0.0374"
"Uganda",2014,309,"9",3,300,"97.09",36336539,"East Africa",1,9e-04,"0.0309","0.03"
"Uganda",2015,1461,"33",2,1428,"97.74",37477356,"East Africa",4,0.0039,"0.0205","0.0231"
"Uganda",2016,516,"11",2,505,"97.87",38748299,"East Africa",1,0.0013,"0.0204","0.0218"
"Uganda",2017,252,"0",0,252,"100",40127085,"East Africa",1,6e-04,"0","0"
"Uganda",2018,4440,"90",2,4350,"97.97",41515395,"East Africa",11,0.0107,"0.0204","0.0207"
"Uganda",2019,358,"5",1,353,"98.6",42949080,"East Africa",1,8e-04,"0.0101","0.0142"
"Uganda",2020,1521,"18",1,1503,"98.82",44404611,"East Africa",3,0.0034,"0.0101","0.012"
"Uganda",2021,173,"0",0,173,"100",45853778,"East Africa",0,4e-04,"0","0"
"Uganda",2022,3673,"126",3,3547,"96.57",47249585,"East Africa",8,0.0078,"0.0311","0.0355"
"Uganda",2023,1898,"45",2,1853,"97.63",48582334,"East Africa",4,0.0039,"0.0205","0.0243"
"Zambia",2000,4504,"303",7,4201,"93.27",9891136,"South Africa",46,0.0455,"0.0751","0.0721"
"Zambia",2001,3109,"165",5,2944,"94.69",10191964,"South Africa",31,0.0305,"0.0528","0.056"
"Zambia",2002,339,"12",4,327,"96.46",10508294,"South Africa",3,0.0032,"0.0415","0.0367"
"Zambia",2003,1049,"29",3,1020,"97.24",10837973,"South Africa",10,0.0097,"0.0309","0.0284"
"Zambia",2004,12149,"373",3,11776,"96.93",11188040,"South Africa",109,0.1086,"0.031","0.0317"
"Zambia",2005,1503,"7",0,1496,"99.53",11564870,"South Africa",13,0.013,"0","0.0047"
"Zambia",2006,5360,"183",3,5177,"96.59",11971567,"South Africa",45,0.0448,"0.0311","0.0353"
"Zambia",2007,2286,"35",2,2251,"98.47",12402073,"South Africa",18,0.0184,"0.0203","0.0155"
"Zambia",2008,2061,"39",2,2022,"98.11",12852966,"South Africa",16,0.016,"0.0204","0.0193"
"Zambia",2009,4712,"80",2,4632,"98.3",13318087,"South Africa",35,0.0354,"0.0203","0.0173"
"Zambia",2010,6794,"62",1,6732,"99.09",13792086,"South Africa",49,0.0493,"0.0101","0.0092"
"Zambia",2011,330,"7",2,323,"97.88",14265814,"South Africa",2,0.0023,"0.0204","0.0217"
"Zambia",2012,198,"2",1,196,"98.99",14744658,"South Africa",1,0.0013,"0.0101","0.0102"
"Zambia",2013,0,"0",0,0,"0",15234976,"South Africa",0,0,"0","0"
"Zambia",2014,0,"0",0,0,"0",15737793,"South Africa",0,0,"0","0"
"Zambia",2015,60,"0",0,60,"100",16248230,"South Africa",0,4e-04,"0","0"
"Zambia",2016,10,"1",0,9,"90",16767761,"South Africa",0,1e-04,"0","0.1111"
"Zambia",2017,1794,"57",3,1737,"96.82",17298054,"South Africa",10,0.0104,"0.031","0.0328"
"Zambia",2018,4082,"74",2,4008,"98.19",17835893,"South Africa",23,0.0229,"0.0204","0.0185"
"Zambia",2019,447,"9",2,438,"97.99",18380477,"South Africa",2,0.0024,"0.0204","0.0205"
"Zambia",2020,4836,"106",2,4730,"97.81",18927715,"South Africa",26,0.0255,"0.0204","0.0224"
"Zambia",2021,5935,"93",2,5842,"98.43",19473125,"South Africa",30,0.0305,"0.0203","0.0159"
"Zambia",2022,8229,"116",1,8113,"98.59",20017675,"South Africa",41,0.0411,"0.0101","0.0143"
"Zambia",2023,3907,"98",3,3809,"97.49",20569737,"South Africa",19,0.019,"0.0308","0.0257"
"Zimbabwe",2000,1675,"223",13,1452,"86.69",11834676,"South Africa",14,0.0142,"0.15","0.1536"
"Zimbabwe",2001,650,"14",2,636,"97.85",11910978,"South Africa",5,0.0055,"0.0204","0.022"
"Zimbabwe",2002,3125,"192",6,2933,"93.86",11984644,"South Africa",26,0.0261,"0.0639","0.0655"
"Zimbabwe",2003,1009,"35",3,974,"96.53",12075828,"South Africa",8,0.0084,"0.0311","0.0359"
"Zimbabwe",2004,119,"9",8,110,"92.44",12160881,"South Africa",1,0.001,"0.0865","0.0818"
"Zimbabwe",2005,516,"26",5,490,"94.96",12224753,"South Africa",4,0.0042,"0.0527","0.0531"
"Zimbabwe",2006,789,"61",8,728,"92.27",12330490,"South Africa",6,0.0064,"0.0867","0.0838"
"Zimbabwe",2007,65,"4",6,61,"93.85",12450568,"South Africa",1,5e-04,"0.0639","0.0656"
"Zimbabwe",2008,60055,"2928",5,57127,"95.12",12550347,"South Africa",479,0.4785,"0.0526","0.0513"
"Zimbabwe",2009,68153,"2706",4,65447,"96.03",12679810,"South Africa",537,0.5375,"0.0417","0.0413"
"Zimbabwe",2010,951,"21",2,930,"97.79",12839771,"South Africa",7,0.0074,"0.0205","0.0226"
"Zimbabwe",2011,1220,"2",0,1218,"99.84",13025785,"South Africa",9,0.0094,"0","0.0016"
"Zimbabwe",2012,23,"1",4,22,"95.65",13265331,"South Africa",0,2e-04,"0.0418","0.0455"
"Zimbabwe",2013,0,"0",0,0,"0",13555422,"South Africa",0,0,"0","0"
"Zimbabwe",2014,0,"0",0,0,"0",13855753,"South Africa",0,0,"0","0"
"Zimbabwe",2015,60,"0",0,60,"100",14154937,"South Africa",0,4e-04,"0","0"
"Zimbabwe",2016,10,"1",10,9,"90",14452704,"South Africa",0,1e-04,"0.1111","0.1111"
"Zimbabwe",2017,0,"0",0,0,"0",14751101,"South Africa",0,0,"0","0"
"Zimbabwe",2018,10692,"65",1,10627,"99.39",15052184,"South Africa",71,0.071,"0.0101","0.0061"
"Zimbabwe",2019,61,"3",5,58,"95.08",15354608,"South Africa",0,4e-04,"0.0526","0.0517"
"Zimbabwe",2020,0,"0",0,0,"0",15669666,"South Africa",0,0,"0","0"
"Zimbabwe",2021,0,"0",0,0,"0",15993524,"South Africa",0,0,"0","0"
"Zimbabwe",2022,0,"0",0,0,"0",16320537,"South Africa",0,0,"0","0"
"Zimbabwe",2023,0,"0",0,0,"0",16665409,"South Africa",0,0,"0","0"
